"","oevk_id","X","szavazok.x","reszvetel","ossz_szavazo.x","egyeni_fidesz.x","egyeni_lmp.x","egyeni_kormanyvaltok","egyeni_jobbik.x","egyeni_fidesz_pc.x","egyeni_lmp_pc.x","egyeni_kormanyvaltok_pc","egyeni_jobbik_pc.x","szavazokorok_szama","telepulesek_szama","profil","szavazok_2018","varos_aranya","szavazok.y","ossz_szavazo.y","tobblet_hiany","ervenytelen","ervenyes","ervenytelen_szazalek","egyeni_fidesz.y","egyeni_lmp.y","egyeni_mszp","egyeni_dk","egyeni_mszp_dk","egyeni_jobbik.y","egyeni_momentum","egyeni_egyutt","egyeni_mkkp","egyeni_mellar","egyeni_kesz","egyeni_egyeb","egyeni_fidesz_pc.y","egyeni_lmp_pc.y","egyeni_mszp_pc","egyeni_dk_pc","egyeni_jobbik_pc.y","egyeni_momentum_pc","egyeni_egyutt_pc","egyeni_mkkp_pc","egyeni_mellar_pc","egyeni_kesz_pc","egyeni_egyeb_pc","orsz_fidesz","orsz_lmp","orsz_mszp","orsz_dk","orsz_mszp_dk","orsz_jobbik","orsz_momentum","orsz_egyutt","orsz_mkkp","orsz_egyeb","nemzetisegi_osszes","nemzetisegi_nemet","orsz_fidesz_pc","orsz_lmp_pc","orsz_mszp_pc","orsz_dk_pc","orsz_jobbik_pc","orsz_momentum_pc","orsz_egyutt_pc","orsz_mkkp_pc","orsz_egyeb_pc","elteres_fidesz","elteres_lmp","elteres_mszp","elteres_mszp_dk","elteres_dk","elteres_jobbik","elteres_momentum","elteres_egyutt","elteres_mkkp","elteres_egyeb","elteres_nemzetisegi_osszes","elteres_nemzetisegi_nemet","listas_hianyzo","balodal_jobbik_kihivo"
"1","BARANYA 1",11,51228,0.634261094,80768,18855,4489,16706,8379,0.371798158,0.088517737,0.329422436,0.165223907,99,6,1,78984,0.952015598,78544,56428,-70,431,56003,0.0076372399617252,20702,3059,0,0,0,7887,1011,0,976,21988,0,380,0.369658768280271,0.0546220738174741,0,0,0.140831741156724,0.0180526043247683,0,0.0174276378051176,0.392621823830866,0,0.00678535078477939,20780,6267,8139,4038,12177,11073,2378,481,1439,580,201,418,0.376619845944721,0.113584050747621,0.147512460353421,0.0731853194381513,0.200688717716357,0.0430992297236067,0.00871771635704576,0.0260806524694155,0.0105120072496602,-78,-3208,-8139,-12177,-4038,-3186,-1367,-481,-463,-200,-201,-418,-209,1104
"2","BARANYA 2",12,48646,0.605863598,80292,17413,3650,15334,9931,0.36021928,0.075506827,0.317211419,0.205440629,100,18,2,79121,0.836705805,75762,51745,-102,495,53525,0.009163272861903,21471,4899,0,11160,11160,11858,1039,1277,1015,0,0,801,0.401177130044843,0.0915358744394619,0,0.208520179372197,0.221562032884903,0.0194133034379671,0.0238602391629297,0.0189648729446936,0,0,0.0149663677130045,20827,5213,6749,4381,11130,11347,1653,475,1142,680,160,569,0.396954276021118,0.0993576915013246,0.128633236129377,0.0835001048277965,0.21626927401986,0.0315055177540168,0.00905330969943012,0.0217660624773667,0.0129605275697105,644,-314,-6749,30,6779,511,-614,802,-127,121,-160,-569,-324,-217
"3","BARANYA 3",13,43753,0.576046028,75954,21625,1890,8983,8137,0.512853958,0.044822843,0.213038941,0.192975383,151,104,4,74199,0.348603081,71985,47549,-102,625,47903,0.0128791625453347,27603,3345,0,4262,4262,11359,0,0,0,0,0,1308,0.576539883451344,0.0698665329907889,0,0.0890197798525388,0.23725379618606,0,0,0,0,0,0.0273200075192681,23824,2685,3997,2240,6237,7838,859,122,613,734,105,4212,0.555182699478001,0.0625699105145414,0.0931441088739746,0.052199850857569,0.182652870991797,0.0200177106636838,0.00284302759134974,0.0142850484712901,0.0171047725577927,3779,660,-3997,-1975,2022,3521,-859,-122,-613,574,-105,-4212,-648,-1601
"4","BARANYA 4",14,45195,0.563079338,80264,19563,1439,12131,9081,0.444038405,0.032662233,0.275347845,0.206119345,225,174,6,79080,0.39160344,77081,49986,-76,734,50029,0.0144593503142052,24479,1667,13605,0,13605,7838,383,144,535,0,0,1352,0.489550626962382,0.0333379997200168,0.272083674979501,0,0.156750594964302,0.00765954042757435,0.00287982721036738,0.0106993580385177,0,0,0.0270383776973382,24860,2703,6086,2437,8523,9787,733,212,618,714,334,497,0.516303219106957,0.0561370716510903,0.126396677050883,0.0506126687435099,0.203260643821391,0.0152232606438214,0.00440290758047767,0.0128348909657321,0.0148286604361371,-381,-1036,7519,5082,-2437,-1949,-350,-68,-83,638,-334,-497,-1022,-1264
"5","BORSOD-ABAÚJ-ZEMPLÉN 1",15,49825,0.630113945,79073,16602,1624,14072,15050,0.336290715,0.032895803,0.285042943,0.304853346,92,6,1,76993,0.783733586,73492,51283,-67,389,53195,0.00725962974022096,20724,1671,0,6151,6151,20597,576,0,0,0,0,1269,0.406448576135561,0.0327724170393034,0,0.12063622813211,0.403957793990743,0.0112967757119322,0,0,0,0,0.0248882089903507,21527,3192,7816,3351,11167,14013,1287,222,765,870,34,11,0.405840544463925,0.0601775917651717,0.147352148257074,0.0631751597760308,0.264181890164583,0.0242633335218596,0.00418528363780329,0.0144222611843222,0.0164017872292291,-803,-1521,-7816,-5016,2800,6584,-711,-222,-765,399,-34,-11,2100,-2846
"6","BORSOD-ABAÚJ-ZEMPLÉN 2",16,47638,0.619157785,76940,14560,1555,14798,14425,0.308246004,0.032920504,0.313284641,0.305387954,93,6,1,74565,0.932984644,73995,51055,-57,482,51067,0.0093503268734602,19434,0,15274,0,15274,14427,667,0,0,0,0,1199,0.381051351934276,0,0.299484323836788,0,0.282876806337131,0.0130781749377463,0,0,0,0,0.0235093429540597,19958,2960,9084,2733,11817,12992,1410,163,773,868,69,30,0.391786576627864,0.0581064368583263,0.178323943385485,0.0536503013289884,0.25504014448087,0.0276790797196757,0.00319978013780648,0.0151744174633399,0.0170393199976443,-524,-2960,6190,3457,-2733,1435,-743,-163,-773,331,-69,-30,39,-1175
"7","BORSOD-ABAÚJ-ZEMPLÉN 3",17,41530,0.535767271,77515,15473,612,10146,12148,0.386622023,0.015291972,0.253516904,0.303540641,132,71,4,75363,0.367169566,72530,42077,-24,778,42875,0.0178223718873846,20623,1170,0,3441,3441,15744,449,147,0,0,0,1235,0.481744492980448,0.0273307014880049,0,0.0803802938634399,0.367773131818076,0.0104884486906959,0.00343385736644164,0,0,0,0.028849073792894,20337,1512,4517,2158,6675,12559,491,117,326,738,4,79,0.475663665068413,0.0353642848789615,0.105648462168167,0.0504736288153432,0.293743421822009,0.0114840369547421,0.00273652204420536,0.00762483920009356,0.0172611390480646,286,-342,-4517,-3234,1283,3185,-42,30,-326,497,-4,-79,29,-5884
"8","BORSOD-ABAÚJ-ZEMPLÉN 4",18,45747,0.56949545,80329,16696,859,12563,12500,0.374635372,0.019274783,0.281896513,0.280482879,135,82,4,78616,0.428335199,75875,48198,-61,786,48986,0.0157920115727718,21905,1649,8458,0,8458,14779,298,111,0,0,0,1638,0.448523690568819,0.0337646914288054,0.173184815102994,0,0.302612719603587,0.00610180597076047,0.00227282034481346,0,0,0,0.0335394569802203,22004,2083,6725,2289,9014,13323,750,122,532,824,45,60,0.452273287840171,0.0428142727945408,0.138226588834991,0.0470484255529064,0.273842801940311,0.0154156047027871,0.00250760503165337,0.010934802269177,0.0169366110334621,-99,-434,1733,-556,-2289,1456,-452,-11,-532,814,-45,-60,-81,-4309
"9","BORSOD-ABAÚJ-ZEMPLÉN 5",19,44481,0.556318475,79956,19932,1045,9566,11561,0.455276382,0.023869347,0.218501599,0.264070352,152,98,5,78480,0.289984709,74952,46797,-38,933,48024,0.019057540290459,23544,6219,0,2306,2306,14064,229,128,0,0,0,1391,0.491719053486769,0.129884505336146,0,0.0481610659760657,0.293728201165389,0.00478269041999958,0.00267329420855872,0,0,0,0.0290511894070717,23802,2756,4784,1790,6574,11741,578,112,411,1148,230,445,0.505114383939561,0.0584864818980519,0.101523704426807,0.037986503119562,0.249161750350155,0.0122660328508977,0.00237680913373796,0.00872204066041339,0.0243622936208141,-258,3463,-4784,-4268,516,2323,-349,16,-411,243,-230,-445,-84,-5167
"10","BORSOD-ABAÚJ-ZEMPLÉN 6",20,48016,0.591913215,81120,19149,1211,11133,14009,0.406060478,0.02567963,0.236078714,0.297065185,112,42,5,79933,0.175584552,77166,51226,-48,761,52056,0.0144082397712858,25662,1182,7757,0,7757,16469,0,0,0,0,0,924,0.493556948878717,0.0227333923144978,0.149190291187445,0,0.316748086317652,0,0,0,0,0,0.0177712813016887,24590,2106,6641,2030,8671,13963,887,177,580,779,27,64,0.475141537688636,0.0406932931424265,0.128321063513226,0.0392247792398508,0.269800784495585,0.0171391030471663,0.0034200915888934,0.0112070797828145,0.0150522675014009,1072,-924,1116,-914,-2030,2506,-887,-177,-580,145,-27,-64,-150,-5292
"11","BORSOD-ABAÚJ-ZEMPLÉN 7",21,47531,0.603591248,78747,22124,917,8894,12829,0.475529285,0.019709833,0.19116604,0.275744224,103,54,5,77656,0.175002575,75552,51779,-21,555,52417,0.0104772332553047,28718,1771,4390,0,4390,16389,0,126,0,0,0,1005,0.548063894349129,0.0337983549304376,0.0837802248134506,0,0.312773144525659,0,0.00240462604248173,0,0,0,0.0191797553388423,26897,2413,4910,1781,6691,13789,779,154,580,845,60,2,0.515782005062514,0.0462721485004219,0.0941550970315257,0.0341527958886247,0.264420495512771,0.0149382526654905,0.00295313338958349,0.0111221906880417,0.0162038812610263,1821,-642,-520,-2301,-1781,2600,-779,-28,-580,160,-60,-2,-189,-7098
"12","BUDAPEST 1",22,48056,0.715204191,67192,21503,6482,15459,3713,0.442803896,0.1334816,0.318341879,0.076460534,71,1,0,65338,1,69890,54732,-88,716,47910,0.0147246329124337,20031,23345,0,0,0,3060,0,0,1474,0,0,0,0.418096430807765,0.487267793780004,0,0,0.0638697557921102,0,0,0.0307660196201211,0,0,0,19711,6941,7070,3301,10371,4276,3899,1171,1551,264,38,45,0.40907770214179,0.144051967458077,0.146729204715258,0.0685082184957662,0.0887431512535281,0.0809189772538602,0.0243026730865017,0.032189108417732,0.0054789971774863,320,16404,-7070,-10371,-3301,-1216,-3899,-1171,-77,-264,-38,-45,357,6095
"13","BUDAPEST 10",23,51945,0.699661921,74243,18394,4593,19633,6815,0.356818623,0.089097963,0.38085354,0.132201746,82,1,0,75544,1,75863,59274,-91,530,56110,0.00935734463276836,20403,0,27017,0,27017,6070,2213,0,0,0,0,407,0.363625022277669,0,0.481500623774728,0,0.108180360007129,0.039440384958118,0,0,0,0,0.00725360898235609,20427,5892,11362,4880,16242,7748,3057,729,1475,537,29,32,0.36407221915269,0.105013634662342,0.202505926176769,0.086976669577771,0.13809328604274,0.0544851801023045,0.012993031172581,0.0262890548416419,0.00957099827116046,-24,-5892,15655,10775,-4880,-1678,-844,-729,-1475,-130,-29,-32,58,8494
"14","BUDAPEST 11",24,51950,0.666683778,77923,18181,3935,20956,6529,0.350416313,0.075842264,0.40390101,0.125838409,83,1,0,77790,1,78188,58918,-45,445,56956,0.00775247817982265,20080,3459,0,23238,23238,5826,1278,0,1064,0,0,2011,0.352552847812346,0.0607310906664794,0,0.407999157244189,0.102289486621251,0.0224383734812838,0,0.0186810871549968,0,0,0.0353079570194536,19901,6114,10136,6483,16619,8375,3081,595,1520,674,33,39,0.34988308514566,0.107491341268306,0.178202851667575,0.113978797095589,0.147242391743877,0.0541676189806431,0.0104608027567292,0.0267233952776948,0.0118497160639252,179,-2655,-10136,6619,16755,-2549,-1803,-595,-456,1337,-33,-39,-5,8244
"15","BUDAPEST 12",25,50857,0.657372938,77364,18955,3306,18678,7488,0.375064308,0.065416123,0.369583284,0.148165737,83,1,0,76662,1,76159,55926,-53,472,54937,0.00851847172841957,20622,2540,0,23212,23212,5640,1082,0,1048,0,0,793,0.375375430038044,0.0462347780184575,0,0.422520341482061,0.102663050403189,0.0196952873291225,0,0.0190763965997415,0,0,0.0144347161293846,21186,4833,8587,6745,15332,8677,2285,513,1522,639,34,25,0.38529106879808,0.0878935021004965,0.156164184261735,0.122665357266263,0.157800934766399,0.0415552767017659,0.00932947787658901,0.0276792696455526,0.0116209285831196,-564,-2293,-8587,7880,16467,-3037,-1203,-513,-474,154,-34,-25,109,6655
"16","BUDAPEST 13",26,52039,0.744733528,69876,21445,3201,19682,5850,0.412364196,0.061551774,0.378463609,0.112489184,75,1,0,69721,1,69902,56265,-59,559,55667,0.00994201970618575,23328,4048,0,0,0,5086,0,22245,0,0,0,960,0.419063358902042,0.0727181274363627,0,0,0.0913647223669319,0,0.399608385578529,0,0,0,0.0172454057161334,22481,5946,9831,4069,13900,6949,3093,1491,1407,510,81,41,0.403051436972229,0.106603080122631,0.176255445793069,0.0729512164512254,0.124585402585295,0.0554529644835685,0.0267314484464923,0.0252254513509153,0.00914355379457482,847,-1898,-9831,-13900,-4069,-1863,-3093,20754,-1407,450,-81,-41,232,6951
"17","BUDAPEST 14",27,52481,0.68763512,76321,22393,3395,17084,7427,0.426289739,0.064629735,0.325223682,0.141385875,82,1,0,76561,1,75823,57980,-59,410,57775,0.00704648964509753,23784,2826,21512,0,21512,7536,1608,0,0,0,0,509,0.411665945478148,0.0489138900908698,0.372340977931631,0,0.130437040242319,0.0278321073128516,0,0,0,0,0.00881003894418001,23002,5378,10075,4325,14400,9561,2775,498,1406,628,20,45,0.399007771301693,0.0932903136275326,0.174767554815432,0.0750242853177907,0.165851373855121,0.0481369691923397,0.00863863447127394,0.0243893977241188,0.0108936996946989,782,-2552,11437,7112,-4325,-2025,-1167,-498,-1406,-119,-20,-45,-62,4839
"18","BUDAPEST 15",28,55352,0.687457307,80517,20650,3448,20590,8493,0.372878295,0.062260744,0.371794872,0.153358613,76,1,0,80292,1,80347,61095,-84,564,60072,0.0093014051058777,23848,0,27813,0,27813,6977,0,0,0,0,0,1434,0.396990278332667,0,0.462994406711946,0,0.116143960580637,0,0,0,0,0,0.0238713543747503,23363,5258,11629,4744,16373,9990,2411,537,1318,702,53,147,0.389695089404857,0.0877034961302375,0.19397184414198,0.0791299706431812,0.166633306645316,0.0402155057379237,0.00895716573258607,0.0219842540699226,0.0117093674939952,485,-5258,16184,11440,-4744,-3013,-2411,-537,-1318,732,-53,-147,80,6383
"19","BUDAPEST 16",29,48670,0.659047516,73849,17523,2939,18507,7407,0.36261485,0.060818641,0.382977403,0.153277874,88,1,0,73697,1,72846,52913,-61,482,52211,0.00914732507164139,19462,2287,22572,0,22572,6373,1060,0,0,0,0,457,0.372756698779951,0.0438030300128325,0.43232269062075,0,0.122062400643543,0.0203022351611729,0,0,0,0,0.00875294478175097,19984,4806,10153,4131,14284,8403,2184,559,1242,557,27,162,0.38416732347796,0.0923893192871835,0.195178684711355,0.0794132912974106,0.161537130663796,0.0419846594513543,0.010746073550049,0.0238758915011823,0.010707626059709,-522,-2519,12419,8288,-4131,-2030,-1124,-559,-1242,-100,-27,-162,-3,5881
"20","BUDAPEST 17",30,51505,0.650241765,79209,18120,3076,18564,9076,0.354946131,0.060254652,0.363643487,0.177786484,94,1,0,78904,1,78805,57328,-74,930,55681,0.0164279027044214,20653,0,0,0,0,8673,0,23637,1374,0,0,1322,0.371063080544027,0,0,0,0.155823855980165,0,0.424675254675794,0.0246860346035682,0,0,0.0237517741964462,20972,4569,8755,4506,13261,10309,2135,2345,1335,686,37,300,0.377112853341006,0.0821585269366324,0.157430051068115,0.0810256779112422,0.185373660361073,0.0383909947493347,0.042167158167302,0.0240056102999353,0.01233546716536,-319,-4569,-8755,-13261,-4506,-1636,-2135,21292,39,636,-37,-300,290,2952
"21","BUDAPEST 18",31,56242,0.717720324,78362,23189,3601,20523,6784,0.412527574,0.064061055,0.365099979,0.120685975,75,1,0,77735,1,76665,59973,-85,437,60276,0.00719779948281258,24144,2556,24983,0,24983,5525,1703,0,1220,0,0,145,0.400557435795341,0.042404937288473,0.414476740327825,0,0.0916616895613511,0.0282533678412635,0,0.0202402282832305,0,0,0.0024056009025151,24090,6351,11225,4379,15604,7536,3666,724,1768,504,22,111,0.399880484039639,0.105423036701359,0.186328702089869,0.0726889431137228,0.125093371844032,0.0608535431502415,0.0120179937918098,0.0293478080440881,0.00836611722523779,54,-3795,13758,9379,-4379,-2011,-1963,-724,-548,-359,-22,-111,100,8068
"22","BUDAPEST 2",32,54118,0.752088053,71957,23963,4615,19643,4291,0.442489152,0.085218355,0.362718124,0.079235528,80,1,0,71821,1,76937,61600,-112,388,55506,0.00694171109600315,23403,3384,0,22494,22494,3252,1540,0,990,0,0,443,0.421630094043887,0.0609663820127554,0,0.40525348610961,0.0585882607285699,0.0277447483154974,0,0.0178359096313912,0,0,0.00798111915828919,22715,6981,9418,4895,14313,4930,3896,750,1457,416,33,94,0.409589238703163,0.125879043600563,0.169822207796891,0.0882649933282845,0.0888961015543294,0.0702513613906019,0.0135237477009629,0.0262721338670706,0.00750117205813408,688,-3597,-9418,8181,17599,-1678,-2356,-750,-467,27,-33,-94,79,9383
"23","BUDAPEST 3",33,53144,0.765190347,69452,24610,5321,18414,3220,0.465261367,0.100595519,0.348123641,0.060875319,79,1,0,67557,1,66874,54607,-108,483,54257,0.00882352941176471,23173,3787,0,21176,21176,3142,1449,0,1530,0,0,0,0.427096964446984,0.0697974454909044,0,0.390290653740531,0.0579095784875684,0.0267062314540059,0,0.0281991263800063,0,0,0,22673,7605,8144,4673,12817,4168,4054,1044,1673,264,33,77,0.41756602453129,0.140060407381487,0.14998710818078,0.0860621017348705,0.076761575011971,0.0746620501675937,0.0192272275221923,0.0308114479354672,0.00486205753434749,500,-3818,-8144,8359,16503,-1026,-2605,-1044,-143,-264,-33,-77,151,8649
"24","BUDAPEST 4",34,54784,0.767982056,71335,24928,4618,20750,3583,0.45060646,0.083476438,0.375083603,0.064767448,79,1,0,71331,1,72064,58919,-105,318,57886,0.00546354202460312,24208,5848,0,21496,21496,3585,1538,0,1044,0,0,167,0.418201292195004,0.101026154856096,0,0.371350585633832,0.06193207338562,0.0265694641191307,0,0.0180354489859379,0,0,0.00288498082437895,22978,7725,9468,5362,14830,5120,4061,1026,1523,395,26,92,0.398522321273717,0.13397967324569,0.164209650005203,0.0929966353324777,0.0887994727531305,0.0704325505567311,0.0177945818446703,0.0264143744146519,0.00685074057372784,1230,-1877,-9468,6666,16134,-1535,-2523,-1026,-479,-228,-26,-92,-110,9710
"25","BUDAPEST 5",35,45182,0.632243259,71463,16983,5348,17256,4661,0.371123883,0.116868075,0.377089662,0.101855292,68,1,0,68188,1,69196,48533,-58,416,44925,0.00917491894753093,16687,3055,0,20598,20598,3171,0,0,1414,0,0,0,0.371441291040623,0.0680022259321091,0,0.458497495826377,0.0705843071786311,0,0,0.0314746800222593,0,0,0,16635,5676,7295,4247,11542,4773,3303,857,1802,314,39,46,0.370473475569017,0.12640862322391,0.16246492361142,0.0945837601888557,0.106298160438288,0.0735601977640194,0.0190860095318694,0.0401318426796134,0.00699300699300699,52,-2621,-7295,9056,16351,-1602,-3303,-857,-388,-314,-39,-46,62,6769
"26","BUDAPEST 6",36,42271,0.569099452,74277,15977,3474,15437,5560,0.379618409,0.082543303,0.366787844,0.132107302,85,1,0,74156,1,74376,49026,-44,350,46456,0.00747767380250395,18818,2582,0,14947,14947,6001,1190,1454,1065,0,0,399,0.405071465472705,0.0555794730497675,0,0.321745307387636,0.129175994489409,0.025615636301016,0.0312984329257792,0.0229249182021698,0,0,0.00858877217151714,17929,4858,6964,4315,11279,6234,2969,822,1610,509,33,26,0.387989612637957,0.105128760008656,0.150703310971651,0.0933780566976845,0.134905864531487,0.0642501623025319,0.017788357498377,0.0348409435187189,0.0110149318329366,889,-2276,-6964,3668,10632,-233,-1779,632,-545,-110,-33,-26,-187,5045
"27","BUDAPEST 7",37,54285,0.670988715,80903,16453,3821,27514,4640,0.303146995,0.070402034,0.506946236,0.085492133,87,1,0,80942,1,84871,63611,-130,359,59161,0.00603158602150538,16854,2447,33412,0,33412,3591,1520,0,1337,0,0,0,0.284883622656818,0.0413617078818816,0.564763949223306,0,0.0606987711499129,0.0256926015449367,0,0.022599347543145,0,0,0,18394,7058,14024,5588,19612,6460,4185,1156,1800,487,34,62,0.310961590478767,0.11931971869083,0.237084122261293,0.0944684879632134,0.109210170408439,0.0707499323776035,0.0195428725994049,0.03043007844198,0.00823302677846903,-1540,-4611,19388,13800,-5588,-2869,-2665,-1156,-463,-487,-34,-62,87,13152
"28","BUDAPEST 8",38,55351,0.695880112,79541,19772,4961,21697,5924,0.363803636,0.091282108,0.399223522,0.109001251,85,1,0,79243,1,82667,63575,-80,452,58724,0.00763823171556036,20588,2410,27736,0,27736,4492,1771,0,1518,0,0,209,0.350589196921191,0.0410394387303317,0.472311150466589,0,0.0764934268782781,0.0301580273823309,0,0.0258497377562836,0,0,0.00355902186499557,20851,6070,14417,4314,18731,6299,3584,781,1810,530,34,31,0.355479405346427,0.103484724495363,0.245789007092199,0.0735474631751227,0.107388843426077,0.0611020185488271,0.0133149208947081,0.0308578832515003,0.00903573376977632,-263,-3660,13319,9005,-4314,-1807,-1813,-781,-292,-321,-34,-31,-3,12432
"29","BUDAPEST 9",39,50735,0.637286305,79611,18851,3356,19501,6975,0.370900148,0.066030497,0.383689129,0.137235612,100,1,0,79114,1,80171,57672,-68,354,53976,0.00651573716178907,21222,3522,22010,0,22010,5437,1139,0,0,0,0,646,0.393174744330814,0.0652512227656736,0.407773825403883,0,0.100729954053653,0.0211019712464799,0,0,0,0,0.0119682821994961,20572,5288,10327,4676,15003,8165,2330,559,1332,605,31,35,0.381995766331192,0.0981914063950682,0.191759200802169,0.0868273480150035,0.151613622015078,0.0432651242247558,0.0103799160693727,0.0247335388271995,0.0112340773201619,650,-1766,11683,7007,-4676,-2728,-1191,-559,-1332,41,-31,-35,-56,6838
"30","BÁCS-KISKUN 1",5,40547,0.569536331,71193,20558,2134,7899,8204,0.510364688,0.052977831,0.196097416,0.203669224,77,13,3,71171,0.623006562,68999,46038,-44,527,46798,0.011135763338616,25519,4642,0,3595,3595,11231,1105,0,0,0,0,706,0.545301081242788,0.0991922731740673,0,0.0768195222018035,0.239988888414035,0.0236121201760759,0,0,0,0,0.0150861147912304,25400,3528,3903,2003,5906,9195,1362,172,728,571,13,6,0.54201698604413,0.0752848790064445,0.083287098288592,0.0427425205923776,0.196214416798259,0.02906406043276,0.00367035124407836,0.0155349750330758,0.0121847125602834,119,1114,-3903,-2311,1592,2036,-257,-172,-728,135,-13,-6,83,-3289
"31","BÁCS-KISKUN 2",6,43664,0.599417934,72844,22303,2295,9446,7548,0.515211717,0.053015778,0.218207859,0.174363002,80,6,2,72509,0.865244314,72826,51273,-45,361,50612,0.00708218076236439,26695,3426,8421,0,8421,10001,1532,0,0,0,0,537,0.52744408440686,0.0676914565715641,0.166383466371611,0,0.197601359361416,0.0302695013040386,0,0,0,0,0.0106101319845096,25872,4521,5163,2236,7399,8976,1972,214,997,619,13,9,0.511607672533122,0.0894008305319359,0.102096104409729,0.0442159383033419,0.177496539450267,0.0389954518489223,0.00423175795926439,0.0197152461933953,0.0122404587700218,823,-1095,3258,1022,-2236,1025,-440,-214,-997,-82,-13,-9,-20,-1577
"32","BÁCS-KISKUN 3",7,41441,0.595382449,69604,20833,1457,8321,9397,0.504687614,0.035296398,0.201579496,0.227646019,89,29,4,68315,0.372773183,66063,45247,-48,387,46069,0.0083304632340279,24519,1261,5127,0,5127,13915,580,0,0,0,0,636,0.532581780268474,0.0273904166123637,0.111364524957644,0,0.302250314957209,0.0125982883704766,0,0,0,0,0.0138146748338329,24168,2351,4377,2030,6407,10316,1024,122,568,551,79,293,0.531083130067902,0.0516623816116202,0.0961830048124464,0.0446085217658822,0.226690399279232,0.0225020326543169,0.00268090623420573,0.0124815962379414,0.0121080273364537,351,-1090,750,-1280,-2030,3599,-444,-122,-568,85,-79,-293,-159,-3909
"33","BÁCS-KISKUN 4",8,41144,0.555122307,74117,21634,1387,7452,8666,0.532241002,0.03412306,0.183334563,0.213201466,91,24,4,73400,0.336389646,72017,47760,-17,427,48207,0.00877986593741004,29025,1410,5855,0,5855,10166,545,0,678,0,0,510,0.602315881217705,0.0292597895785345,0.121500757434269,0,0.210961007698852,0.0113096349789371,0,0.014069600946274,0,0,0.0105833281454274,28819,2524,4438,1408,5846,8549,998,123,721,612,4,2,0.598003818061089,0.0523738379814077,0.092089973439575,0.0292164674634794,0.177394588313413,0.0207088313413015,0.00255229083665339,0.01496098937583,0.012699203187251,206,-1114,1417,9,-1408,1617,-453,-123,-43,-102,-4,-2,9,-2703
"34","BÁCS-KISKUN 5",9,39915,0.54592081,73115,20228,913,7297,9659,0.513453142,0.023174942,0.18522185,0.245177175,94,23,4,72001,0.322203858,69799,45317,-30,603,45724,0.0130161676775962,25535,1059,0,2685,2685,15219,466,0,0,0,0,734,0.558777189373714,0.0231738806949976,0,0.0587553065779684,0.333034268458138,0.0101973828176288,0,0,0,0,0.0160619720775526,24862,2071,3628,1873,5501,10595,871,111,659,615,10,483,0.549011814066468,0.0457325825328475,0.0801148283095948,0.0413602738213536,0.233962680799382,0.0192337418571271,0.00245114276250414,0.0145522800044165,0.0135806558463067,673,-1012,-3628,-2816,812,4624,-405,-111,-659,119,-10,-483,80,-5094
"35","BÁCS-KISKUN 6",10,39307,0.56704511,69319,19286,1835,9954,6792,0.493172403,0.046923746,0.254538945,0.173681788,80,25,4,68385,0.444190978,66012,43134,-52,436,43777,0.00986135299572524,23835,2557,7880,0,7880,8203,728,0,0,0,0,547,0.5448,0.0584457142857143,0.180114285714286,0,0.187497142857143,0.01664,0,0,0,0,0.0125028571428571,22845,2846,4747,1891,6638,8013,1232,207,498,559,151,746,0.533288202063588,0.0664363415658994,0.110812829730613,0.0441430505625846,0.187053550585928,0.0287595125822868,0.00483215836406928,0.0116251925860218,0.0130491619590084,990,-289,3133,1242,-1891,190,-504,-207,-498,-12,-151,-746,-15,-1375
"36","BÉKÉS 1",1,45177,0.611202056,73915,18364,2678,12161,9273,0.410579739,0.059874349,0.271893934,0.207324435,100,10,1,72250,0.696733564,69326,48442,-21,922,49511,0.018281680645609,22133,2610,0,5461,5461,16366,890,0,848,0,0,890,0.449876011219968,0.0530509370299606,0,0.111000447172649,0.33265579901622,0.0180901662669214,0,0.0172364730273588,0,0,0.0180901662669214,22424,3891,5609,3137,8746,11000,1638,206,944,697,190,42,0.452589512776006,0.0785330803697574,0.113207927986114,0.0633148992855125,0.222015904412062,0.0330601864933597,0.00415775239171679,0.0190530012513624,0.0140677350341097,-291,-1281,-5609,-3285,2324,5366,-748,-206,-96,193,-190,-42,580,-2254
"37","BÉKÉS 2",2,42246,0.563032266,75033,19942,1576,7925,10958,0.474267504,0.037480974,0.188475076,0.260606925,98,18,4,72956,0.675859422,70170,45563,-38,725,46632,0.0153092467850582,24247,2550,0,4039,4039,13707,678,0,0,0,0,1314,0.521048673041796,0.0547974642742022,0,0.0867948855700011,0.294552487375094,0.0145696787364349,0,0,0,0,0.0282368110024713,24017,2753,4329,1955,6284,10683,994,153,624,789,167,156,0.518759314858414,0.0594638961487785,0.0935049787243234,0.0422273581441562,0.230749292610752,0.0214700736548804,0.00330474976780353,0.013478195131434,0.0170421409594574,230,-203,-4329,-2245,2084,3024,-316,-153,-624,525,-167,-156,85,-4399
"38","BÉKÉS 3",3,41713,0.57205354,72918,19315,1101,9378,7579,0.484048818,0.02759191,0.235019923,0.189935594,92,20,4,71490,0.358497692,69062,45095,-41,638,45872,0.0137174801118039,23135,1740,8508,0,8508,10612,725,0,0,0,0,1052,0.505440006991174,0.0380145066853098,0.185877829240584,0,0.231844795945119,0.0158393777855457,0,0,0,0,0.0229834833522678,22795,2650,5948,1924,7872,9599,1067,149,597,712,131,222,0.501639488567593,0.0583173785788165,0.130895006712,0.0423406175040162,0.211240949803041,0.0234809973372065,0.00327897713518629,0.0131379150986994,0.0156686692634405,340,-910,2560,636,-1924,1013,-342,-149,-597,340,-131,-222,22,-1727
"39","BÉKÉS 4",4,46547,0.59268361,78536,20789,1487,10738,10403,0.455539486,0.032583925,0.235296696,0.227956,115,27,4,76231,0.316472301,73242,48266,-15,774,49395,0.0154278538539736,21312,1081,5107,0,5107,19510,526,542,0,0,0,1193,0.432546528383836,0.0219398835014512,0.103651235006393,0,0.395973290576607,0.0106756509914554,0.0110003856223742,0,0,0,0.0242130259178827,22889,2178,5754,1949,7703,13965,857,278,525,737,262,83,0.465867459089799,0.0443295611821216,0.117113083123016,0.0396686477244973,0.284234307579582,0.0174428071318082,0.00565822681755272,0.0106855002849467,0.0150004070666775,-1577,-1097,-647,-2596,-1949,5545,-331,264,-525,456,-262,-83,206,-6262
"40","CSONGRÁD 1",40,51639,0.604976745,85357,17346,3956,20131,7463,0.338597279,0.077221886,0.392961018,0.145679205,73,7,1,85055,0.902369055,81156,56835,-78,378,58960,0.00637028548316425,21019,2560,25748,0,25748,6501,1015,0,1525,0,0,568,0.35664110221257,0.0434369485543641,0.43688068413194,0,0.110306094746844,0.0172220713994842,0,0.0258755259942989,0,0,0.00963757296049952,21412,5938,13456,2984,16440,9704,2354,500,1810,691,41,10,0.363846454485208,0.100902309300073,0.228652993253921,0.0507060442828255,0.164896599772299,0.0400006797056874,0.00849632109296674,0.0307566823565396,0.01174191575048,-393,-3378,12292,9308,-2984,-3203,-1339,-500,-285,-123,-41,-10,-36,6736
"41","CSONGRÁD 2",41,53616,0.614277694,87283,23171,3475,16952,8160,0.431200685,0.064668007,0.315468215,0.151853506,86,13,2,87606,0.645983152,89768,64099,-70,501,61280,0.00810928926368948,27344,2512,21711,0,21711,6970,1097,308,1224,0,0,112,0.446228662815366,0.0409935050099546,0.354303338881817,0,0.113743921146252,0.0179020203009237,0.00502627370344985,0.0199745422500734,0,0,0.00182773589216358,27590,5569,10763,2520,13283,9291,2545,483,1691,598,34,12,0.451924651924652,0.0912203112203112,0.176298116298116,0.0412776412776413,0.152186732186732,0.0416871416871417,0.00791154791154791,0.0276986076986077,0.0097952497952498,-246,-3057,10948,8428,-2520,-2321,-1448,-175,-467,-486,-34,-12,-182,3992
"42","CSONGRÁD 3",42,48538,0.570605662,85064,21911,1794,10201,11610,0.460218442,0.037681159,0.21426171,0.243856333,122,22,4,83448,0.275920334,81038,54614,-41,945,55068,0.0168710834984736,27322,1548,0,2671,2671,20808,865,468,0,0,0,1335,0.496610138684407,0.0281367577294291,0,0.0485486304233237,0.378210371339768,0.0157224130723231,0.00850646163912972,0,0,0,0.02426522711162,28045,3087,5381,1972,7353,13230,1279,262,959,880,6,2,0.509029857518831,0.0560304927851892,0.0976676649423723,0.0357927216625828,0.240130683365097,0.0232144477720301,0.00475542245212814,0.017406298212179,0.0159724112895907,-723,-1539,-5381,-4682,699,7578,-414,206,-959,455,-6,-2,86,-5877
"43","CSONGRÁD 4",43,48424,0.587562944,82415,20792,3312,9323,11824,0.437385615,0.069672045,0.196120916,0.248732566,109,19,3,80942,0.692718243,78892,56504,-57,462,57039,0.00803464287577607,29534,1003,4234,0,4234,20940,0,0,749,0,0,552,0.518031291657897,0.0175927874833368,0.0742650670034379,0,0.36729109661124,0,0,0.0131375850698099,0,0,0.0096821721742791,28650,3505,5706,2056,7762,13463,1368,204,1078,781,59,2,0.504303743993241,0.0616957983489113,0.100438295400539,0.036190174438049,0.23697875411452,0.0240798436922427,0.00359085388393093,0.018975198465086,0.0137473376634807,884,-2502,-1472,-3528,-2056,7477,-1368,-204,-329,-229,-59,-2,-140,-5701
"44","FEJÉR 1",44,44747,0.684927523,65331,19602,2725,13407,7450,0.436988653,0.060748601,0.298883117,0.166083331,74,1,1,63708,1,63113,48111,-88,398,47562,0.00829858215179316,22433,2868,0,14740,14740,6599,0,0,0,0,0,886,0.472015317931238,0.0603459159197071,0,0.310146025333502,0.138850313512604,0,0,0,0,0,0.01864242730295,21782,4329,6230,3624,9854,7742,2001,302,920,571,6,50,0.458558767183849,0.0911349234752953,0.131155133576135,0.0762931306709332,0.162986042399107,0.0421254289383381,0.00635776088924444,0.0193680133049831,0.0120207995621145,651,-1461,-6230,4886,11116,-1143,-2001,-302,-920,315,-6,-50,31,2112
"45","FEJÉR 2",45,44748,0.630395582,70984,22177,1944,8415,9668,0.506197074,0.044372418,0.19207505,0.220675173,89,29,4,71146,0.40667079,69185,50314,-66,418,50752,0.00816884893492281,27250,2173,4761,0,4761,14652,1016,0,0,0,0,881,0.537125736699978,0.0428320816825341,0.0938442433918751,0,0.28880610253681,0.0200264127885203,0,0,0,0,0.0173654229002819,26722,3293,4489,2078,6567,10706,1447,178,788,664,37,363,0.530566861908071,0.0653827062444158,0.0891293557033654,0.0412588106820212,0.212568251762136,0.0287302690360369,0.00353420033753599,0.0156457857639234,0.0131837585624938,528,-1120,272,-1806,-2078,3946,-431,-178,-788,217,-37,-363,32,-4139
"46","FEJÉR 3",46,45465,0.634870764,71613,22571,2677,9534,8021,0.506598734,0.060084392,0.213987521,0.180028729,87,35,5,73322,0.244906031,73665,54130,-69,346,53642,0.00640883159220568,28415,2732,8041,0,8041,12559,1381,0,0,0,0,492,0.529932860872809,0.0509511376352107,0.149962700484894,0,0.234222305110034,0.0257553151809026,0,0,0,0,0.00917568071615069,27203,3790,5684,2365,8049,9963,1876,228,1027,645,14,708,0.515393797010288,0.0718061423618347,0.107690267331047,0.0448077906822531,0.188761107216612,0.035543093158523,0.00431973626873307,0.0194577594210038,0.0122203065497054,1212,-1058,2357,-8,-2365,2596,-495,-228,-1027,-153,-14,-708,-117,-1914
"47","FEJÉR 4",47,42065,0.601229186,69965,14826,1811,12128,10422,0.361028588,0.044099742,0.29532947,0.253786587,79,9,3,68642,0.569039364,67314,46573,-78,408,46871,0.00862962414602678,18541,1638,0,4668,4668,20405,675,0,0,0,0,849,0.396378484693005,0.0350179579271421,0,0.0997947665469471,0.436227980160766,0.0144304771677783,0,0,0,0,0.0181503335043612,18976,2877,5074,3424,8498,13632,1284,194,676,632,44,69,0.405738844106139,0.0615151061600633,0.108490666894738,0.0732108875537215,0.291475122410143,0.0274540828326456,0.00414804678312557,0.0144540186875922,0.0135132245718318,-435,-1239,-5074,-3830,1244,6773,-609,-194,-676,217,-44,-69,106,-5134
"48","FEJÉR 5",48,37416,0.539065539,69409,17576,942,5781,10926,0.482857143,0.025879121,0.158818681,0.300164835,103,35,6,68576,0.144890341,67390,42555,-31,542,42851,0.0124904938584564,23982,1219,0,2518,2518,13777,0,609,0,0,0,695,0.560327102803738,0.028481308411215,0,0.0588317757009346,0.321892523364486,0,0.0142289719626168,0,0,0,0.0162383177570093,24041,1739,2759,1773,4532,10619,718,195,429,572,7,50,0.561115649434006,0.0405881666472167,0.0643949118917027,0.0413817248220329,0.247846889952153,0.0167580814564127,0.00455128953203408,0.010012836970475,0.0133504492939666,-59,-520,-2759,-2014,745,3158,-718,414,-429,123,-7,-50,102,-6087
"49","GY?R-MOSON-SOPRON 1",49,44544,0.645004344,69060,21560,2468,12893,6364,0.481292973,0.055094205,0.287815876,0.142066256,67,4,1,67877,0.975794452,69498,51105,-60,434,48827,0.00881021497736546,24193,3118,0,10561,10561,8448,1402,0,0,0,0,1026,0.496287027160089,0.0639615984245508,0,0.216644785427094,0.173299417411996,0.028760154262739,0,0,0,0,0.0210470173135308,23457,4749,5292,3338,8630,8077,2136,261,913,536,8,44,0.481080415923214,0.0973974035562665,0.108533809142927,0.0684591562583318,0.165651469472303,0.0438072971143789,0.00535285793391989,0.0187247482516048,0.0109928423470539,736,-1631,-5292,1931,7223,371,-734,-261,-913,490,-8,-44,63,553
"50","GY?R-MOSON-SOPRON 2",50,44954,0.619747436,72536,24593,2089,9278,7714,0.545009308,0.046294655,0.205611205,0.170951157,85,34,3,73066,0.47210741,71418,51728,-42,500,52291,0.00947131139777614,30138,2480,6891,0,6891,11046,1110,0,0,0,0,599,0.576649318842798,0.0474514005816623,0.131849839277514,0,0.211350068881065,0.0212383284861473,0,0,0,0,0.0114610439308128,28375,3848,4835,2338,7173,9431,1711,178,849,580,6,23,0.54415571962796,0.0737942276344808,0.0927222168951961,0.0448365135679356,0.180861060504363,0.03281235017739,0.00341355834691725,0.0162815226771503,0.0111228305686068,1763,-1368,2056,-282,-2338,1615,-601,-178,-849,19,-6,-23,-90,-2258
"51","GY?R-MOSON-SOPRON 3",51,42425,0.62442047,67943,24707,1268,7005,8478,0.582890981,0.029914832,0.165262934,0.200014155,104,75,5,67532,0.251303086,66457,48577,-30,413,48744,0.00840165185019428,31148,2100,0,2998,2998,11575,539,0,0,0,0,370,0.639195567412272,0.043094602914016,0,0.0615226759696286,0.23753334701416,0.0110609480812641,0,0,0,0,0.00759285860865996,30476,2430,3321,1790,5111,8662,808,95,512,571,2,50,0.626240624678927,0.0499332168909894,0.0682420630843522,0.0367820815781362,0.177992396999897,0.0166033083324771,0.00195212164800164,0.0105209082502825,0.0117332785369362,672,-330,-3321,-2113,1208,2913,-269,-95,-512,-201,-2,-50,-13,-3551
"52","GY?R-MOSON-SOPRON 4",52,49332,0.653083919,75537,24698,3097,11601,8178,0.502635489,0.063027861,0.236095,0.166432627,93,32,2,76391,0.625178359,76666,58187,-72,415,56825,0.00725017470300489,30936,2545,9558,0,9558,10301,1824,0,1167,0,0,481,0.544532845173555,0.0447968738998803,0.16823910441456,0,0.181317327325213,0.0321058931211716,0,0.020541434908118,0,0,0.00846652115750194,30350,3818,6657,2250,8907,8982,2046,191,1105,589,66,695,0.542080445809816,0.0681931842537687,0.118900478674002,0.0401871829677788,0.160427234407373,0.0365435450453669,0.00341144530970922,0.0197363720797314,0.0105201114524541,586,-1273,2901,651,-2250,1319,-222,-191,62,-108,-66,-695,-63,-75
"53","GY?R-MOSON-SOPRON 5",53,45020,0.601590165,74835,22460,2177,9823,8396,0.504333767,0.048883999,0.220573045,0.188530112,102,39,4,75412,0.342094096,75668,53643,-103,660,52930,0.0123157305467438,29033,2771,5246,0,5246,13823,0,215,912,0,0,864,0.549201725181598,0.0524175242130751,0.0992357748184019,0,0.261482294188862,0,0.00406703995157385,0.0172518159806295,0,0,0.0163438256658596,27928,3813,4931,2437,7368,10060,1236,224,1041,664,100,414,0.53364925287576,0.0728589444720449,0.0942217296594948,0.046566285779799,0.192226850613368,0.0236175335346047,0.00428020025222609,0.0198914663507471,0.0126877364619559,1105,-1042,315,-2122,-2437,3763,-1236,-9,-129,200,-100,-414,-16,-2692
"54","HAJDÚ-BIHAR 1",54,45081,0.630953547,71449,21013,2418,12012,7805,0.465837545,0.053604682,0.266294227,0.173029174,63,1,1,70518,1,66609,47372,-92,437,49498,0.00875137678982678,23441,2597,13648,0,13648,7531,1459,0,0,0,0,786,0.473919372447535,0.0525049532974809,0.275928995996927,0,0.152258299300473,0.0294973919372448,0,0,0,0,0.0158909870203388,23332,4438,6426,2724,9150,8359,2170,349,1176,642,18,27,0.470251531763947,0.0894469525959368,0.12951467268623,0.0549016446307643,0.168473879393744,0.0437358916478555,0.00703402128345695,0.0237020316027088,0.0129393743953563,109,-1841,7222,4498,-2724,-828,-711,-349,-1176,144,-18,-27,199,791
"55","HAJDÚ-BIHAR 2",55,44109,0.58820627,74989,19847,2363,10501,9651,0.448844362,0.053439776,0.237482473,0.218259532,61,1,1,74010,1,76073,51776,-51,422,50067,0.00835825625383747,24731,2992,0,6002,6002,12723,1347,533,1031,0,0,683,0.494204867910955,0.0597897765876664,0,0.119939251029136,0.254246432996283,0.02691738939291,0.0106510531153831,0.0206026937372607,0,0,0.0136485352304065,24136,3942,5227,2961,8188,9726,2010,366,1055,684,9,19,0.481689185143792,0.0786716426846548,0.104316762129044,0.059093539824775,0.1941046161215,0.0401141557067875,0.00730436865108667,0.0210549424232143,0.0136507873151456,595,-950,-5227,-2186,3041,2997,-663,167,-24,-1,-9,-19,93,-1538
"56","HAJDÚ-BIHAR 3",56,42406,0.554319551,76501,21619,1300,7288,10441,0.514971058,0.03096639,0.173602344,0.248707749,84,16,4,77420,0.513019892,76178,47539,-68,760,48109,0.0155517812928441,27979,1942,0,3654,3654,12249,639,690,0,0,0,879,0.582507495003331,0.0404313790806129,0,0.0760742838107928,0.255017488341106,0.0133036309127249,0.0143654230512991,0,0,0,0.0183002998001332,26687,2658,4207,1825,6032,9977,1064,273,655,647,11,5,0.55606025878774,0.0553830766986852,0.0876586168816286,0.0380263788469152,0.207884483153793,0.0221698997770508,0.00568832954805909,0.0136478236409476,0.0134811326651803,1292,-716,-4207,-2378,1829,2272,-425,417,-655,232,-11,-5,-23,-3945
"57","HAJDÚ-BIHAR 4",57,38239,0.548095805,69767,17799,1028,6985,10873,0.470873016,0.027195767,0.18478836,0.287645503,93,41,5,69214,0.176712804,67882,42331,-33,464,42891,0.0107023411371237,23630,1125,4210,0,4210,12938,343,0,0,0,0,616,0.55130418552564,0.0262470253371285,0.0982222014838318,0,0.301852456721572,0.00800242639167561,0,0,0,0,0.0143717045401521,23772,1703,3872,1534,5406,9915,563,105,431,581,22,1,0.559657218193804,0.0400932291176194,0.0911573594500424,0.0361145117242678,0.233425934645447,0.0132545437423486,0.00247198417930125,0.0101469064883699,0.0136783124588003,-142,-578,338,-1196,-1534,3023,-220,-105,-431,35,-22,-1,-363,-4509
"58","HAJDÚ-BIHAR 5",58,40449,0.55918215,72336,17657,1126,7317,11070,0.455829203,0.029068567,0.188894052,0.285780669,86,15,4,71527,0.444056091,69791,44959,-20,592,45450,0.012857825463707,23444,1571,5111,0,5111,13542,574,91,0,0,0,909,0.518191061403121,0.034724371159542,0.112970248883781,0,0.299323637328146,0.0126873259360771,0.0020114053313293,0,0,0,0.0200919499580036,23522,2142,5057,1610,6667,10953,927,143,507,594,3,19,0.517478825211748,0.0471235287647124,0.111252887471125,0.035419645803542,0.240963590364096,0.0203937960620394,0.0031459685403146,0.0111538884611154,0.0130678693213068,-78,-571,54,-1556,-1610,2589,-353,-52,-507,315,-3,-19,235,-4286
"59","HAJDÚ-BIHAR 6",59,40432,0.559542756,72259,18982,1136,7174,10828,0.47781106,0.028595162,0.180582475,0.272560224,84,10,3,71427,0.74317835,69786,44297,-37,800,44656,0.0175994368180218,21843,1333,7914,0,7914,12227,483,0,0,0,0,811,0.489632601824662,0.029880522741028,0.177400192777566,0,0.274080383761852,0.010826926094461,0,0,0,0,0.0181793728004304,22427,2290,5348,1288,6636,10898,861,119,499,659,1,59,0.505237784135709,0.0515893577237604,0.120480299173219,0.029016197706639,0.245511275315957,0.0193966973799815,0.00268084435333078,0.0112415238009417,0.0148460204104621,-584,-957,2566,1278,-1288,1329,-378,-119,-499,152,-1,-59,-162,-4262
"60","HEVES 1",60,54899,0.645832598,85005,21151,2528,13781,15410,0.38682834,0.046234317,0.252039211,0.281831815,98,27,3,83946,0.52495652,82030,58371,-57,558,58944,0.00937783603912474,27374,1914,0,3987,3987,23115,0,0,664,0,0,1160,0.470230528738791,0.0328786889751606,0,0.0684886796990415,0.397069433469612,0,0,0.0114061909506304,0,0,0.019926478166764,28212,3752,6437,3284,9721,13891,1535,224,1001,634,10,54,0.478412752246905,0.063625572324911,0.109157198575547,0.055689333559437,0.235560454468374,0.026030184839749,0.00379854163133797,0.0169747329150415,0.0107512294386976,-838,-1838,-6437,-5734,703,9224,-1535,-224,-337,526,-10,-54,820,-4170
"61","HEVES 2",61,54191,0.661156117,81964,19798,1360,11874,19159,0.369145286,0.025357995,0.221397673,0.357230758,123,56,4,80278,0.307444132,78000,55554,-32,820,55747,0.0144960842894267,25729,1260,4632,0,4632,23379,0,191,0,0,0,546,0.461614367475824,0.0226061682544809,0.083104580440282,0,0.419452069540879,0,0.00342680804492527,0,0,0,0.00979600624360837,25046,2329,5257,2842,8099,17626,960,179,602,609,4,111,0.451686203787196,0.0420018034265104,0.0948061316501353,0.0512533814247069,0.317871956717764,0.0173128944995491,0.00322813345356177,0.0108566275924256,0.0109828674481515,683,-1069,-625,-3467,-2842,5753,-960,12,-602,-63,-4,-111,-172,-9527
"62","HEVES 3",62,49947,0.599352013,83335,20304,1114,10797,15268,0.41541861,0.022792373,0.220905966,0.312382355,100,38,4,82073,0.315572722,80288,54241,-53,571,54632,0.0103436407441625,27726,1703,4755,0,4755,19219,547,0,0,0,0,662,0.507690617446715,0.0311836226470373,0.0870687760931663,0,0.351918992162895,0.0100161136746503,0,0,0,0,0.0121218779755365,26940,2313,5319,2459,7778,15126,941,123,588,652,2,4,0.494665907713777,0.042470758891684,0.0976662198637557,0.0451515763573934,0.27774003415288,0.017278419419401,0.00225849690604286,0.0107967169166927,0.0119718697783735,786,-610,-564,-3023,-2459,4093,-394,-123,-588,10,-2,-4,-145,-7348
"63","JÁSZ-NAGYKUN-SZOLNOK 1",63,51877,0.626783621,82767,19146,2303,14574,13157,0.372896541,0.044854316,0.283850109,0.256251948,101,14,2,81308,0.725377577,79014,55241,-35,410,56227,0.0072390839910306,23665,2028,8520,0,8520,19746,863,0,0,0,0,1221,0.422265046482166,0.0361864996520529,0.152026122798565,0,0.352336598683154,0.0153988901379298,0,0,0,0,0.0217868422461324,23338,3654,7911,3081,10992,14495,1565,234,887,904,10,3,0.416237136385525,0.0651697016176497,0.141094009167276,0.0549501507071644,0.25852075121725,0.0279120369544668,0.00417342916763274,0.0158197934687617,0.0161229913142735,327,-1626,609,-2472,-3081,5251,-702,-234,-887,317,-10,-3,39,-3503
"64","JÁSZ-NAGYKUN-SZOLNOK 2",64,43039,0.574412428,74927,18200,1027,8594,12783,0.432921028,0.024429115,0.204424358,0.304067555,83,20,4,73335,0.295752369,71857,47752,-37,625,47935,0.0128706754530478,24549,2035,0,3893,3893,16057,298,105,372,0,0,573,0.512697882293973,0.0425003132701224,0,0.0813040390961113,0.335345223674867,0.00622363309803266,0.00219289085668936,0.00776909903512802,0,0,0.0119669186750762,25034,2383,4211,1808,6019,12192,965,153,521,542,1,5,0.523625258842477,0.0498441715994896,0.0880796502750528,0.0378171473990253,0.255014746177498,0.0201844840929532,0.00320023426551486,0.010897529753812,0.0113367775941768,-485,-348,-4211,-2126,2085,3865,-667,-48,-149,31,-1,-5,-67,-6173
"65","JÁSZ-NAGYKUN-SZOLNOK 3",65,45476,0.563987449,80633,23201,948,7719,11511,0.517106114,0.021129115,0.172041812,0.256558272,96,21,4,79085,0.440867421,76192,48061,-64,915,48991,0.0183344688013465,27086,1685,0,2663,2663,16128,442,0,0,0,0,915,0.553690794987633,0.0344446942905619,0,0.0544369263476359,0.329687851346103,0.00903534414031358,0,0,0,0,0.0187043888877532,27072,2005,4024,1750,5774,11950,714,139,503,674,0,0,0.554401916815138,0.041059982388237,0.0824066678953943,0.0358378898650447,0.244721590792734,0.0146218590649383,0.00284655239499498,0.0103008334869243,0.0138027072965944,14,-320,-4024,-3111,913,4178,-272,-139,-503,241,0,0,-88,-6176
"66","JÁSZ-NAGYKUN-SZOLNOK 4",66,44484,0.558752967,79613,18524,1128,9386,13436,0.420464863,0.025603777,0.213047031,0.304975486,97,23,4,77296,0.518086318,74689,47854,-40,844,48459,0.0171186337545383,21668,1119,4668,0,4668,19760,350,0,0,0,0,811,0.447908053580288,0.0231313047792294,0.0964941293203241,0,0.408467008433934,0.00723499255829337,0,0,0,0,0.0167645113279312,22219,2161,5097,1890,6987,14509,705,124,637,714,4,3,0.462356417512902,0.0449683702347262,0.106063758947894,0.0393291160312968,0.301918594972532,0.0146703845513568,0.00258032295655069,0.0132553687364741,0.0148576660562677,-551,-1042,-429,-2319,-1890,5251,-355,-124,-637,97,-4,-3,-313,-7522
"67","KOMÁROM-ESZTERGOM 1",67,50419,0.610185286,82629,21434,2473,15954,7868,0.427858512,0.049365219,0.31846854,0.157058448,92,5,1,81784,0.915814829,80383,56352,-70,346,56551,0.00608116420900926,25128,2440,15192,0,15192,11071,785,0,985,0,0,916,0.444609586496098,0.0431728506467081,0.268804076649504,0,0.195887962913814,0.0138896261301909,0,0.0174283843799211,0,0,0.0162075127837642,22689,4790,8454,3883,12337,12359,1782,303,1219,735,23,281,0.403618315722062,0.085210090013164,0.15038958266624,0.069075319315473,0.219856263564237,0.031700288184438,0.00539011634112499,0.0216849895043939,0.0130750346888675,2439,-2350,6738,2855,-3883,-1288,-997,-303,-234,181,-23,-281,1,-22
"68","KOMÁROM-ESZTERGOM 2",68,51575,0.61577678,83756,23475,2213,13896,10141,0.456090927,0.04299592,0.269982514,0.197027395,99,30,4,82863,0.407395339,82272,57829,-47,426,57813,0.0073146860351311,26137,2657,0,6474,6474,19834,0,0,958,0,0,1725,0.452314614519339,0.0459807908626806,0,0.112035995500562,0.343237864497707,0,0,0.0165786968936575,0,0,0.0298520377260535,25219,4101,5104,3924,9028,14897,1433,206,1210,779,48,826,0.443426582033654,0.0721080301724896,0.0897438151671268,0.0689958328204948,0.261934485608285,0.025196490426037,0.00362210539271711,0.0212754734232413,0.0136971849559545,918,-1444,-5104,-2554,2550,4937,-1433,-206,-252,946,-48,-826,-38,-5869
"69","KOMÁROM-ESZTERGOM 3",69,50264,0.592742839,84799,23391,2231,12430,9909,0.469821439,0.044810894,0.249663567,0.199027859,110,41,4,83960,0.366841353,82771,57225,-40,467,57348,0.00807748854103606,29241,2827,7127,0,7127,15258,1363,0,974,0,0,536,0.510082684994592,0.0493144471967345,0.124324041447162,0,0.266161950947214,0.0237762969682169,0,0.0169905453023061,0,0,0.0093500331437742,28508,3655,5855,3257,9112,12263,1356,167,1011,690,26,470,0.502237412353335,0.0643916704837744,0.103149994714774,0.0573799372819844,0.216042422747613,0.0238892216623798,0.00294210915753497,0.0178112117261548,0.0121560198724499,733,-828,1272,-1985,-3257,2995,7,-167,-37,-154,-26,-470,-68,-3151
"70","NÓGRÁD 1",70,49847,0.603781584,82558,18410,1286,13140,11499,0.393704155,0.02750155,0.2810034,0.245910053,122,47,4,80080,0.505981518,77217,50995,-54,669,51991,0.0127041397645272,24611,8478,0,4636,4636,11553,320,221,445,0,0,1161,0.478580456976179,0.164861448711716,0,0.0901507049100632,0.224657267865824,0.0062226543509966,0.00429752066115702,0.00865337870685464,0,0,0.0225765678172095,24973,2905,7405,2914,10319,11077,739,183,598,781,19,1,0.484207464857004,0.0563257392147358,0.143577314590402,0.0565002423654872,0.214774600096946,0.0143286476005817,0.00354823073194377,0.0115947649054775,0.0151429956374212,-362,5573,-7405,-5683,1722,476,-419,38,-153,380,-19,-1,170,-758
"71","NÓGRÁD 2",71,51188,0.617027688,82959,24564,1542,10358,11256,0.494743202,0.031057402,0.208620342,0.226706949,130,84,6,81439,0.157516669,79088,54067,-90,602,54834,0.0108593693628689,29754,2095,6776,0,6776,15062,0,0,0,0,0,1125,0.54283733489017,0.0382215573232139,0.123622564401956,0,0.274793840764796,0,0,0,0,0,0.0205247026198643,29093,2453,5626,2148,7774,11581,870,160,616,864,32,381,0.544700529853401,0.0459268689970231,0.105334107206381,0.040216434816798,0.216827994233398,0.0162887794649042,0.00299563760274101,0.0115332047705529,0.0161764430548014,661,-358,1150,-998,-2148,3481,-870,-160,-616,261,-32,-381,-988,-3807
"72","PEST 1",72,52320,0.659041669,79388,22271,2923,16386,8295,0.428758447,0.056273223,0.315461179,0.15969428,83,5,2,81458,0.773515186,82593,62041,-72,417,61702,0.00671292197234341,26987,2264,21888,0,21888,8014,1035,0,1146,0,0,352,0.437489868041371,0.0367020069383653,0.354829296761015,0,0.129916026326881,0.0167785234899329,0,0.0185779593424764,0,0,0.00570631909995785,26472,5443,9781,3595,13376,10699,2492,543,1461,539,52,468,0.433789430561245,0.0891929537074969,0.160278574354773,0.0589102826710365,0.175321589512495,0.0408357230643179,0.00889799262597296,0.0239410077836952,0.00883244571896764,515,-3179,12107,8512,-3595,-2685,-1457,-543,-315,-187,-52,-468,-141,2677
"73","PEST 10",73,42535,0.558950301,76098,19475,1515,9046,10648,0.462215788,0.03595671,0.21469597,0.25271752,92,23,4,76596,0.442581858,76530,49401,-41,423,49395,0.00849090690112008,25989,1666,7065,0,7065,12944,795,261,0,0,0,630,0.526626139817629,0.033758865248227,0.143161094224924,0,0.262289766970618,0.0161094224924012,0.0052887537993921,0,0,0,0.0127659574468085,24790,2602,5514,2206,7720,10976,1133,246,853,716,8,380,0.505546945101558,0.0530630557141692,0.112447997389673,0.0449873562280773,0.223835549392283,0.0231054735296517,0.00501672240802676,0.0173953829839302,0.0146015172526307,1199,-936,1551,-655,-2206,1968,-338,15,-853,-86,-8,-380,74,-3256
"74","PEST 11",74,49016,0.589184186,83193,23486,2181,11379,10003,0.481477685,0.044711864,0.233276615,0.205067755,95,17,4,84446,0.454242948,85299,58989,-43,588,58464,0.00995732574679943,29780,3300,7157,0,7157,17231,0,0,0,0,0,968,0.50961735916216,0.0564720377849271,0.122475871038401,0,0.294869600930933,0,0,0,0,0,0.0165651310835786,29093,3992,5908,2735,8643,12386,1528,317,986,802,79,755,0.503801063258697,0.0691291322492943,0.102308345022252,0.0473617677108768,0.21448733267529,0.026460249017265,0.00548946265606871,0.0170744800595702,0.0138881673506849,687,-692,1249,-1486,-2735,4845,-1528,-317,-986,166,-79,-755,145,-3743
"75","PEST 12",75,43122,0.567141016,76034,18732,1359,8828,12285,0.440939692,0.031990019,0.207805659,0.2891813,87,10,3,75169,0.803376392,73892,47928,-20,788,48076,0.0161263916175508,24826,1961,0,3372,3372,16145,638,0,588,0,0,518,0.516691641691642,0.0408133533133533,0,0.0701798201798202,0.336018148518149,0.0132783882783883,0,0.0122377622377622,0,0,0.0107808857808858,25392,2634,4191,2196,6387,11426,1065,144,658,485,0,3,0.526903363698616,0.0546575086634434,0.0869664460168911,0.0455686746487933,0.237098213359341,0.0220995621589093,0.00298810981303563,0.0136540017845656,0.0100641198564047,-566,-673,-4191,-3015,1176,4719,-427,-144,-70,33,0,-3,146,-5039
"76","PEST 2",76,61537,0.711106232,86537,28327,6607,16290,6827,0.471943621,0.110076305,0.271400486,0.113741628,90,16,4,89046,0.487534533,90421,71385,-177,650,70211,0.00917288776619015,30990,30694,0,0,0,5923,0,0,1544,0,0,1034,0.441547339175037,0.437329913799245,0,0,0.084391251691957,0,0,0.0219990026358909,0,0,0.0147324926978699,30189,10974,7790,3912,11702,8599,3474,685,1844,555,17,1885,0.443812296021875,0.161330157890094,0.114521772367763,0.0575108053276881,0.126414983387727,0.0510717120931463,0.0100702713827879,0.027108876539943,0.00815912498897416,801,19720,-7790,-11702,-3912,-2676,-3474,-685,-300,479,-17,-1885,-261,3103
"77","PEST 3",77,58450,0.686677632,85120,27364,4184,15434,8167,0.477423407,0.072998814,0.269279084,0.142490753,85,17,3,87174,0.627939523,88078,67380,-86,546,66603,0.00813117097797436,30711,4706,0,12852,12852,11624,1469,2044,1827,0,0,1324,0.461424042549995,0.0707063118830476,0,0.193097645627057,0.174647294799946,0.0220713073005093,0.0307105188034316,0.0274501555058071,0,0,0.0198927235302072,30495,6659,7051,4288,11339,9825,3111,1032,1970,689,106,1300,0.468289312039312,0.102257371007371,0.108277027027027,0.0658476658476659,0.150875307125307,0.0477733415233415,0.0158476658476658,0.0302518427518428,0.0105804668304668,216,-1953,-7051,1513,8564,1799,-1642,1012,-143,635,-106,-1300,-31,1514
"78","PEST 4",78,47976,0.64808786,74027,22193,1991,11767,9493,0.469812439,0.04214827,0.249100301,0.200961091,88,34,4,73728,0.52979872,73659,54184,-55,651,53608,0.0119980095468033,27559,10131,0,0,0,12824,930,974,0,0,0,1133,0.514630912588,0.189184142219566,0,0,0.239472652238053,0.017366622472036,0.018188269126627,0,0,0,0.021157401355717,27295,4727,4948,2535,7483,10245,1448,381,1007,691,104,270,0.512322390524992,0.0887249657450682,0.0928730972089269,0.047581507967791,0.192296863562138,0.0271787075098072,0.00715130356438989,0.0189012144077182,0.0129699495091691,264,5404,-4948,-7483,-2535,2579,-518,593,-1007,442,-104,-270,100,-2762
"79","PEST 5",79,59410,0.669770693,88702,24344,4515,18166,9641,0.410702838,0.076171677,0.306475014,0.162651415,93,7,3,92092,0.840724493,93942,71814,-42,849,70574,0.0118869271803201,30537,0,0,25576,25576,10902,2502,0,0,0,0,1013,0.432964695874096,0,0,0.362625832978874,0.154572522330923,0.0354742662696725,0,0,0,0,0.0143626825464341,29257,7083,8287,6643,14930,12381,3602,719,1812,822,33,179,0.414369883579299,0.100317253491205,0.117369628643458,0.0940854884853978,0.175353369402034,0.0510154944339008,0.0101832705435799,0.0256635413420956,0.0116420700790301,1280,-7083,-8287,10646,18933,-1479,-1100,-719,-1812,191,-33,-179,288,2549
"80","PEST 6",80,55962,0.653387664,85649,23745,3544,14027,10588,0.436673594,0.065174614,0.257958328,0.194714677,93,17,4,87008,0.510125506,87802,65358,-54,758,64428,0.0116282637376124,29588,14763,4776,0,4776,12343,848,233,1109,0,0,768,0.459241323648103,0.229139504563233,0.0741292605699385,0,0.191578195815484,0.0131619792636742,0.00361644005711802,0.0172130129757248,0,0,0.0119202831067238,30219,7629,6759,3224,9983,11813,2171,408,1302,635,26,306,0.470994389027431,0.118905860349127,0.105346009975062,0.0502493765586035,0.18411783042394,0.0338372817955112,0.00635910224438903,0.0202930174563591,0.00989713216957606,-631,7134,-1983,-5207,-3224,530,-1323,-175,-193,133,-26,-306,64,-1830
"81","PEST 7",81,52055,0.615634794,84555,22109,2296,14971,10098,0.427590608,0.044404905,0.289540866,0.195296484,92,8,3,86514,0.932091916,87979,62544,-76,854,61321,0.0137354242058705,27485,3538,0,8744,8744,18114,1350,705,0,0,0,1353,0.448449150744832,0.0577265088351907,0,0.142668341790533,0.295550588196903,0.0220267911044396,0.0115028797989851,0,0,0,0.0220757395291162,26535,4880,6832,4144,10976,13613,2084,510,1305,775,14,463,0.4373084149115,0.0804245360756782,0.112594350505949,0.0682949339134447,0.224348198688157,0.0343452322093675,0.00840502323741719,0.0215069712251557,0.01277233923333,950,-1342,-6832,-2232,4600,4501,-734,195,-1305,578,-14,-463,-134,-2637
"82","PEST 8",82,52566,0.62075318,84681,20946,2605,17134,9578,0.398478075,0.04955769,0.325958337,0.182212499,91,10,3,87152,0.759236736,88636,63133,-81,485,62659,0.00768085645508679,25272,3016,19188,0,19188,12758,1355,0,0,0,0,1027,0.403602912993484,0.0481666027852306,0.306439248754312,0,0.20374984029641,0.0216398364635237,0,0,0,0,0.0164015587070397,25332,4911,9549,4121,13670,13240,2420,492,1314,794,56,448,0.407443745677384,0.0789892718704261,0.153587570167114,0.0662827915654705,0.212954176250141,0.0389236485291043,0.00791340292409889,0.0211345761021665,0.0127708169140945,-60,-1895,9639,5518,-4121,-482,-1065,-492,-1314,233,-56,-448,61,430
"83","PEST 9",83,41666,0.554083885,75198,20595,1183,8047,10198,0.49801712,0.028606664,0.19458819,0.246602505,89,21,5,75019,0.133806102,74591,47803,-2,760,47863,0.0156304629496329,24051,1409,3426,0,3426,16017,0,163,0,0,0,2747,0.503022190617614,0.0294689728734863,0.0716541526363123,0,0.334992575241043,0,0.00340911467592496,0,0,0,0.0574529939556188,25517,2315,4363,1929,6292,11409,881,215,690,615,1,5,0.532336128843827,0.0482955730796512,0.0910209871907206,0.0402428338966078,0.238014770309175,0.018379438394459,0.00448533400091793,0.0143947928401552,0.0128301414444862,-1466,-906,-937,-2866,-1929,4608,-881,-52,-690,2132,-1,-5,127,-5117
"84","SOMOGY 1",84,41319,0.630247102,65560,16524,2058,11623,8931,0.406724592,0.050655968,0.286090531,0.219829178,86,26,1,64211,0.819688215,62226,43647,-44,463,44550,0.0102859174016395,19466,2057,0,5700,5700,14206,743,450,0,0,0,628,0.450080924855491,0.0475606936416185,0,0.131791907514451,0.328462427745665,0.0171791907514451,0.0104046242774566,0,0,0,0.0145202312138728,19705,3324,5268,3178,8446,10181,1365,303,682,531,8,24,0.442441116375149,0.0746345735006848,0.118283674248378,0.0713564002963828,0.228596447897254,0.0306486741361115,0.006803332060983,0.0153131104474931,0.0119226710375643,-239,-1267,-5268,-2746,2522,4025,-622,147,-682,97,-8,-24,1319,-1735
"85","SOMOGY 2",85,34691,0.542767738,63915,15907,764,7592,8227,0.471779814,0.022659193,0.225168313,0.244001542,116,77,4,62359,0.29031896,60390,38644,-62,600,39156,0.0150920615756112,20217,787,0,2340,2340,14951,0,96,0,0,0,735,0.516715227725809,0.020114501865767,0,0.0598067781015182,0.382124418545213,0,0.00245361140929305,0,0,0,0.0187854623523999,20052,1434,3331,1822,5153,10308,470,113,287,440,289,155,0.524139373186606,0.0374833363828842,0.0870690331181222,0.0476252711922001,0.269440886635126,0.0122853334030374,0.00295370781817707,0.00750189507802494,0.0115011631858222,165,-647,-3331,-2813,518,4643,-470,-17,-287,295,-289,-155,-425,-5155
"86","SOMOGY 3",86,37538,0.57206864,65618,17616,1194,8497,8503,0.476520234,0.032298204,0.229847436,0.230009738,122,71,5,64403,0.148968216,62311,41630,-39,649,42219,0.0151394979938416,21892,835,3029,0,3029,15695,0,0,0,0,0,712,0.519223015440078,0.0198040936366008,0.0718402390721723,0,0.372245807935868,0,0,0,0,0,0.0168868439152812,22721,1865,3986,1921,5907,9913,724,140,439,532,2,2,0.537889727989394,0.0441514168698658,0.0943632963234772,0.0454771430600601,0.23467720934637,0.0171397457446557,0.0033143154754859,0.0103927463838451,0.0125943988068464,-829,-1030,-957,-2878,-1921,5782,-724,-140,-439,180,-2,-2,82,-4006
"87","SOMOGY 4",87,40172,0.60345501,66570,18591,1556,9926,7838,0.474248106,0.039692865,0.253207826,0.199943879,113,71,4,64820,0.316769516,64399,44563,-39,374,44846,0.00827067669172932,22920,918,11221,0,11221,8635,478,0,0,0,0,639,0.511481555867979,0.0204860413737698,0.250407266073062,0,0.192698221418848,0.010667023721854,0,0,0,0,0.0142598915444868,22650,2380,5103,2440,7543,9857,1051,169,591,539,6,49,0.505806163465833,0.0531487271103171,0.113957123715945,0.0544886109870478,0.220120589548906,0.0234702992407325,0.00377400625279142,0.0131978561857972,0.0120366234926306,270,-1462,6118,3678,-2440,-1222,-573,-169,-591,100,-6,-49,24,-2314
"88","SZABOLCS-SZATMÁR-BEREG 1",88,49321,0.652195761,75623,17484,1881,15781,11138,0.359457237,0.038671875,0.324444901,0.228988487,79,1,1,74778,1,73533,52632,-61,537,53989,0.00984851263617357,21779,1792,17725,0,17725,10372,838,0,670,0,0,764,0.403763440860215,0.0332220986281053,0.328605858361142,0,0.19228772710419,0.0155357804968483,0,0.0124212087504635,0,0,0.014163885799036,21834,3723,9757,3406,13163,11408,1878,314,897,694,72,14,0.405000834709058,0.0690582626922149,0.180983472760661,0.0631782011092356,0.211608020626588,0.0348351913338651,0.00582441431247797,0.0166385338799132,0.0128730685759863,-55,-1931,7968,4562,-3406,-1036,-1040,-314,-227,70,-72,-14,57,1755
"89","SZABOLCS-SZATMÁR-BEREG 2",89,43158,0.585900273,73661,18322,957,9485,11755,0.436841352,0.022817224,0.22614563,0.280267989,90,21,4,73623,0.418170952,70987,45702,-56,703,46768,0.014809041309431,22395,1303,0,4909,4909,16393,493,0,0,0,0,1176,0.479868863699672,0.0279200325698001,0,0.105187597762969,0.351261008378152,0.0105637575264094,0,0,0,0,0.0251987400629969,22382,2107,4792,2193,6985,12410,939,135,547,1017,45,106,0.481105713425906,0.0452904002407463,0.103005029878337,0.0471389880056747,0.266755513520485,0.0201839989682301,0.00290185288680624,0.0117578779932075,0.021860625080607,13,-804,-4792,-2076,2716,3983,-446,-135,-547,159,-45,-106,4,-5425
"90","SZABOLCS-SZATMÁR-BEREG 3",90,46371,0.579717211,79989,22257,785,8707,12276,0.48919709,0.017253885,0.191375256,0.269819988,98,43,5,80861,0.173371588,78009,50918,-54,696,52325,0.0131268742573697,32374,1239,0,2512,2512,14513,363,0,0,0,0,1198,0.620203452173413,0.0237360868982164,0,0.0481235272706374,0.278032146209698,0.00695415620988908,0,0,0,0,0.0229506312381463,29825,1831,4645,1890,6535,11924,704,141,391,748,39,44,0.572467801685253,0.0351446284957485,0.0891571815197988,0.0362770878519741,0.228871955315841,0.0135127353692009,0.00270638591911553,0.007504942513292,0.014357281329776,2549,-592,-4645,-4023,622,2589,-341,-141,-391,450,-39,-44,-17,-5389
"91","SZABOLCS-SZATMÁR-BEREG 4",91,44380,0.605936485,73242,23113,449,6930,11516,0.533430266,0.010362575,0.159939071,0.265780424,118,88,6,77716,0.096505224,74368,48543,-56,923,49987,0.0181300333922609,29865,461,4229,0,4229,13641,173,46,0,0,0,748,0.607469031588797,0.00937697048593454,0.08601997437097,0,0.277464760083803,0.00351890649472164,0.000935662998596505,0,0,0,0.015214693977178,31117,1240,4304,1361,5665,10381,444,114,245,571,10,27,0.625128071197541,0.0249111035217068,0.0864656367398598,0.0273419450750347,0.208550133595837,0.00891978222874018,0.00229021435602788,0.00492195190549852,0.0114711613797537,-1252,-779,-75,-1436,-1361,3260,-271,-68,-245,177,-10,-27,651,-4716
"92","SZABOLCS-SZATMÁR-BEREG 5",92,43504,0.57744329,75339,21721,494,7799,11632,0.508402771,0.011562588,0.182543769,0.272259152,97,44,5,76565,0.180996539,74036,47795,-40,1164,48326,0.0235199030107092,28294,864,0,2032,2032,15897,319,0,0,0,0,848,0.586355535292411,0.0179052513781241,0,0.0421104986115141,0.329444191155137,0.00661085091391387,0,0,0,0,0.0175736726488996,28910,1200,3948,1519,5467,11301,497,97,262,491,27,4,0.599481596682219,0.0248833592534992,0.0818662519440124,0.0314981855883878,0.234339035769829,0.0103058579574909,0.00201140487299119,0.00543286677034733,0.0101814411612234,-616,-336,-3948,-3435,513,4596,-178,-97,-262,357,-27,-4,2,-5834
"93","SZABOLCS-SZATMÁR-BEREG 6",93,42956,0.576714462,74484,19768,587,8298,11852,0.474610454,0.014093299,0.199226909,0.284554993,88,33,4,74443,0.268097739,72532,47273,-42,902,47757,0.0185371668139501,26994,691,9302,0,9302,9696,345,0,0,0,0,657,0.566089965397924,0.0144909300618643,0.195071825521653,0,0.203334381881095,0.00723497955331865,0,0,0,0,0.013777917584146,28176,1273,5962,1063,7025,9693,553,95,302,614,25,5,0.590308185455993,0.0266702981290985,0.124908340491504,0.0222706417213132,0.20307556933649,0.0115857618738346,0.00199032075590287,0.00632712492929124,0.0128637573065722,-1182,-582,3340,2277,-1063,3,-208,-95,-302,43,-25,-5,76,-2668
"94","TOLNA 1",94,38770,0.603414733,64251,15997,4182,9483,7532,0.417774412,0.109216265,0.247656107,0.196704186,89,17,3,62720,0.589939413,61027,41237,-56,619,41653,0.014643262679788,21477,14896,0,0,0,3899,0,0,542,0,0,747,0.516758499554871,0.358412935203677,0,0,0.0938139120810375,0,0,0.0130410721589952,0,0,0.0179735810014196,21474,4580,5150,1895,7045,6119,942,129,667,458,2,476,0.518520307142512,0.110590621528952,0.124354083160284,0.0457574733182016,0.147751967933549,0.0227459313275704,0.00311488868498575,0.0161056647510504,0.0110590621528952,3,10316,-5150,-7045,-1895,-2220,-942,-129,-125,289,-2,-476,331,926
"95","TOLNA 2",95,37394,0.58648975,63759,17547,1105,8816,8606,0.472481017,0.029753891,0.237384889,0.231730303,114,58,4,62099,0.431649463,60069,40304,-32,423,40905,0.0102351916376307,23910,1966,0,3468,3468,10127,468,0,0,0,0,934,0.584982751449612,0.0481002128544516,0,0.0848481882905586,0.247767474861155,0.01145010153402,0,0,0,0,0.0228512710102023,22277,2270,3501,2057,5558,7618,710,113,456,561,12,1215,0.563076611985946,0.0573768419988373,0.0884917726158279,0.0519930237848495,0.192553648611076,0.0179460607132927,0.00285620402901701,0.0115259206834669,0.0141799155776862,1633,-304,-3501,-2090,1411,2509,-242,-113,-456,373,-12,-1215,-83,-2060
"96","TOLNA 3",96,37118,0.581878037,63790,18286,1284,7452,8288,0.501480913,0.035212813,0.20436595,0.227292672,87,34,4,62304,0.252744607,60348,40233,-36,362,40954,0.00876173879368768,23605,1259,4806,0,4806,9900,527,0,0,0,0,676,0.578937041669732,0.0308782772913448,0.117872121256714,0,0.242807740416452,0.0129252201211586,0,0,0,0,0.0165795992445981,22568,1972,3828,1721,5549,8096,925,146,559,552,2,452,0.559070527906458,0.048851784873783,0.0948299353432259,0.0426338345678401,0.200559863254639,0.0229147571035747,0.00361681571580747,0.0138479451036738,0.0136745361309981,1037,-713,978,-743,-1721,1804,-398,-146,-559,124,-2,-452,48,-2547
"97","VAS 1",97,46255,0.652287342,70912,20612,2841,14049,7034,0.447590715,0.061692471,0.305074808,0.152743697,82,12,1,69858,0.901586075,69019,52259,-71,505,52254,0.00957182660778256,26086,1854,15950,0,15950,6576,610,0,748,0,0,415,0.499358716667624,0.0354907253201631,0.305327437355233,0,0.125882961006145,0.0116770994850591,0,0.0143188039587282,0,0,0.00794425620704837,26251,4334,8219,2702,10921,6894,1785,300,949,482,70,213,0.505643732182757,0.0834810077818014,0.158313429385931,0.052045612142692,0.132791432313738,0.0343824639802758,0.00577856537483627,0.0182795284690654,0.00928422836890361,-165,-2480,7731,5029,-2702,-318,-1175,-300,-201,-67,-70,-213,-40,4027
"98","VAS 2",98,44288,0.623915249,70984,22792,1686,10570,7447,0.51990237,0.038458906,0.241109514,0.169871576,122,77,4,70158,0.432552239,69022,50741,-37,340,50876,0.00663855045298344,31226,1826,7110,0,7110,9278,677,0,0,0,0,737,0.614032327840485,0.0359067133362174,0.139812010854603,0,0.182443858890156,0.0133126204428364,0,0,0,0,0.0144924686357022,30453,2975,5315,1648,6963,7753,1107,133,678,658,30,48,0.60041403785489,0.0586553627760252,0.104791009463722,0.0324921135646688,0.152858832807571,0.0218257097791798,0.00262223974763407,0.0133675078864353,0.0129731861198738,773,-1149,1795,147,-1648,1525,-430,-133,-678,79,-30,-48,-56,-790
"99","VAS 3",99,43058,0.625506632,68837,24271,1358,6318,9379,0.570397875,0.031914644,0.148480647,0.220417852,163,127,5,68027,0.139327032,66630,48626,-34,612,48760,0.0123956898647006,30970,1526,0,2093,2093,13072,506,0,0,0,0,559,0.635594959569839,0.0313179821861019,0,0.0429544801543324,0.268275663916595,0.0103845995977507,0,0,0,0,0.0114723145753807,30991,2275,3372,1610,4982,8146,865,140,566,500,232,28,0.63945115031466,0.0469410915093366,0.0695759826679047,0.0332198493758382,0.168080057773651,0.0178479314969566,0.00288868255442072,0.0116785308985866,0.0103167234086454,-21,-749,-3372,-2889,483,4926,-359,-140,-566,59,-232,-28,-1,-3164
"100","VESZPRÉM 1",100,47502,0.64275276,73904,22194,2904,13009,7759,0.466084254,0.060985342,0.27319501,0.162942585,92,25,3,72986,0.637026279,71872,53184,-33,358,53165,0.00668871326345683,25920,1811,0,0,0,7054,744,0,818,0,16688,122,0.487612167729556,0.0340688902684501,0,0,0.132701243486277,0.0139962751848298,0,0.0153883778241812,0,0.31393795737156,0.00229508813514683,24912,4539,6525,2669,9194,9736,1856,321,1042,610,71,747,0.477149971269872,0.0869373683202452,0.124976058226393,0.0511204750047884,0.186477686266999,0.035548745451063,0.006148247462172,0.0199578624784524,0.0116835855200153,1008,-2728,-6525,-9194,-2669,-2682,-1112,-321,-224,-488,-71,-747,-129,-542
"101","VESZPRÉM 2",101,46234,0.620840607,74470,20854,2246,12428,8716,0.453860886,0.048881344,0.270479673,0.189692696,98,44,4,75393,0.378589524,73104,52135,-36,782,51910,0.0148409625749639,26280,0,0,5473,5473,17735,1276,0,0,0,0,1013,0.507561272379628,0,0,0.105703304556077,0.342526604476891,0.0246441470150839,0,0,0,0,0.0195646715723198,25816,3556,5699,3063,8762,10463,1516,270,966,630,26,218,0.496662113545855,0.0684122434059909,0.109640431712807,0.0589276438561727,0.201292829796649,0.029165624579157,0.00519440543296331,0.0185844283268243,0.0121202793435811,464,-3556,-5699,-3289,2410,7272,-240,-270,-966,383,-26,-218,446,-1701
"102","VESZPRÉM 3",102,43443,0.598990721,72527,18570,1276,11769,10110,0.431388947,0.029642019,0.273398843,0.234859572,116,60,4,71481,0.529511339,68573,47722,-64,313,48685,0.00638801583738112,22838,1107,3992,0,3992,19748,0,0,576,0,0,403,0.469299687654118,0.0227478217984547,0.0820318921584744,0,0.405803057701792,0,0,0.011836265000822,0,0,0.00828127568633898,24437,2508,5497,2104,7601,11798,939,147,696,460,0,98,0.502963816737332,0.0516198081751945,0.113139587535504,0.0433046556621249,0.242827151854444,0.0193265549746841,0.00302556291935949,0.0143251142304368,0.00946774791092084,-1599,-1401,-1505,-3609,-2104,7950,-939,-147,-120,-57,0,-98,20,-4197
"103","VESZPRÉM 4",103,44211,0.607293956,72800,22246,1274,9485,10030,0.503109664,0.028812448,0.214510256,0.226835832,128,87,4,71007,0.350486572,69248,48435,-39,446,48948,0.00902943677369721,28557,1063,6519,0,6519,11914,411,0,0,0,0,459,0.583713181938965,0.0217280215849396,0.133250209512908,0,0.243525540134497,0.00840095660527768,0,0,0,0,0.0093820902234123,27936,1894,4628,1847,6475,9893,804,136,526,539,2,616,0.579548990726718,0.0392921602389893,0.0960106217455345,0.038317117191876,0.205236188618966,0.0166794597846607,0.0028214011576043,0.0109121838889696,0.0111818766466817,621,-831,1891,44,-1847,2021,-393,-136,-526,-80,-2,-616,-102,-3418
"104","ZALA 1",104,51937,0.651517242,79717,22816,2196,12381,10957,0.456813358,0.043967485,0.247887719,0.219376927,144,76,3,78152,0.61481472,75620,56211,-67,449,57636,0.00773005078763881,30433,2918,8895,0,8895,12616,912,0,0,0,0,1849,0.528139805286084,0.0506395015879076,0.154365444353817,0,0.218940353678219,0.0158270135189074,0,0,0,0,0.0320878815750655,30568,4189,6388,2667,9055,10524,1592,227,808,726,2,0,0.529875712874205,0.0726134965071331,0.110731681949765,0.0462306505572986,0.182426459116989,0.0275962488516008,0.00393489226715665,0.0140061363518175,0.012584721524034,-135,-1271,2507,-160,-2667,2092,-680,-227,-808,1123,-2,0,68,-1469
"105","ZALA 2",105,45839,0.60262933,76065,22351,1792,8943,10985,0.491004152,0.039366446,0.196458777,0.241317194,147,100,5,75579,0.217084111,73963,51602,-47,408,51555,0.00785174066162462,28617,2115,0,4245,4245,14595,1095,351,0,0,0,514,0.555324846697198,0.041042459054568,0,0.0823759993790266,0.283222075603508,0.0212489327020104,0.00681130171543895,0,0,0,0.00997438484824963,28813,3068,4073,2496,6569,10361,1252,190,686,556,3,10,0.559530051461307,0.0595785998640645,0.0790950577725993,0.0484707253131372,0.201204000388387,0.0243130401009807,0.00368967860957374,0.0133216817166715,0.010797164773279,-196,-953,-4073,-2324,1749,4234,-157,161,-686,-42,-3,-10,-24,-3792
"106","ZALA 3",106,46694,0.598295855,78045,18279,1516,12024,12601,0.397940523,0.033003875,0.261766883,0.274328384,142,82,3,75964,0.523155705,73355,50472,-58,489,51567,0.00939372982941448,25161,1863,0,5136,5136,17840,751,0,0,0,0,780,0.488269197182279,0.0361529952843919,0,0.0996681609128486,0.346199375133415,0.0145737517222643,0,0,0,0,0.0151365197648018,25045,2869,5455,3203,8658,12516,1141,159,522,616,76,47,0.486065287427706,0.0556806272561425,0.105868881729612,0.0621627916003571,0.242906493808951,0.0221441602297869,0.00308582075068897,0.0101308077475449,0.0119551294492101,116,-1006,-5455,-3522,1933,5324,-390,-159,-522,164,-76,-47,118,-3858
