oevk,partnev,ujpart,csoport,szavazat2014,becsult_szavazat,arany_szavazat2014,arany_becsult_szavazat
M01/E01,dk,1,baloldal,,5501,,11.545566
M01/E01,egyeb,0,egyeb,1242,348,2.6067245,.73038661
M01/E01,egyutt,1,baloldal,,2552,,5.3561683
M01/E01,fidesz,0,fidesz,21073,21548,44.228268,45.225201
M01/E01,jobbik,0,jobbik,3764,4482,7.8999286,9.4068756
M01/E01,lmp,0,kispart,5438,2421,11.41334,5.081224
M01/E01,momentum,1,kispart,,2376,,4.9867773
M01/E01,mszp,0,baloldal,16129,8062,33.851742,16.920624
M01/E02,dk,1,baloldal,,6897,,12.89641
M01/E02,egyeb,0,egyeb,1432,1181,2.6776364,2.2083023
M01/E02,egyutt,1,baloldal,,3674,,6.8698578
M01/E02,fidesz,0,fidesz,23136,22544,43.261032,42.154076
M01/E02,jobbik,0,jobbik,4251,4042,7.9487658,7.5579658
M01/E02,lmp,0,kispart,5408,2692,10.112191,5.0336576
M01/E02,momentum,1,kispart,,2642,,4.9401646
M01/E02,mszp,0,baloldal,19253,9417,36.000374,17.608452
M01/E03,dk,1,baloldal,,6070,,11.519338
M01/E03,egyeb,0,egyeb,1217,1193,2.3095608,2.264015
M01/E03,egyutt,1,baloldal,,3231,,6.131628
M01/E03,fidesz,0,fidesz,24243,24386,46.007137,46.278515
M01/E03,jobbik,0,jobbik,3230,3439,6.1297302,6.5263596
M01/E03,lmp,0,kispart,5863,2859,11.126504,5.4256654
M01/E03,momentum,1,kispart,,2816,,5.3440619
M01/E03,mszp,0,baloldal,18141,8294,34.427071,15.739932
M01/E04,dk,1,baloldal,,6727,,12.379235
M01/E04,egyeb,0,egyeb,1297,795,2.3867798,1.4629837
M01/E04,egyutt,1,baloldal,,3338,,6.1426916
M01/E04,fidesz,0,fidesz,23611,23303,43.449696,42.882908
M01/E04,jobbik,0,jobbik,3854,4597,7.0922508,8.4595423
M01/E04,lmp,0,kispart,5639,2841,10.377064,5.2280965
M01/E04,momentum,1,kispart,,2803,,5.1581678
M01/E04,mszp,0,baloldal,19940,9545,36.69421,17.565006
M01/E05,dk,1,baloldal,,5497,,12.306349
M01/E05,egyeb,0,egyeb,1360,2,3.0446851,.0044774781
M01/E05,egyutt,1,baloldal,,2394,,5.3595414
M01/E05,fidesz,0,fidesz,16688,17748,37.360077,39.733143
M01/E05,jobbik,0,jobbik,4583,5127,10.260141,11.478016
M01/E05,lmp,0,kispart,5078,2652,11.368318,5.9371362
M01/E05,momentum,1,kispart,,2605,,5.8319154
M01/E05,mszp,0,baloldal,16959,8293,37.966778,18.565865
M01/E06,dk,1,baloldal,,4975,,11.891672
M01/E06,egyeb,0,egyeb,1392,1,3.3272779,.002390286
M01/E06,egyutt,1,baloldal,,2164,,5.1725788
M01/E06,fidesz,0,fidesz,15960,17313,38.148964,41.383018
M01/E06,jobbik,0,jobbik,5366,5433,12.826274,12.986423
M01/E06,lmp,0,kispart,3867,2039,9.2432356,4.8737931
M01/E06,momentum,1,kispart,,1997,,4.7734008
M01/E06,mszp,0,baloldal,15251,7506,36.45425,17.941486
M01/E07,dk,1,baloldal,,9007,,16.774687
M01/E07,egyeb,0,egyeb,1610,1,2.9984729,.0018624055
M01/E07,egyutt,1,baloldal,,3930,,7.3192534
M01/E07,fidesz,0,fidesz,16806,16229,31.299587,30.224979
M01/E07,jobbik,0,jobbik,5243,5287,9.7645922,9.8465376
M01/E07,lmp,0,kispart,5261,2644,9.7981148,4.9242001
M01/E07,momentum,1,kispart,,2599,,4.8403916
M01/E07,mszp,0,baloldal,24774,13570,46.139233,25.272842
M01/E08,dk,1,baloldal,,7684,,14.119809
M01/E08,egyeb,0,egyeb,1667,1,3.0632122,.0018375597
M01/E08,egyutt,1,baloldal,,3350,,6.1558251
M01/E08,fidesz,0,fidesz,19966,20277,36.688717,37.260197
M01/E08,jobbik,0,jobbik,5848,5789,10.746049,10.637633
M01/E08,lmp,0,kispart,5329,2684,9.7923555,4.9320102
M01/E08,momentum,1,kispart,,2634,,4.8401322
M01/E08,mszp,0,baloldal,21610,11578,39.709667,21.275267
M01/E09,dk,1,baloldal,,7068,,14.050572
M01/E09,egyeb,0,egyeb,1796,1,3.5702927,.0019879134
M01/E09,egyutt,1,baloldal,,3075,,6.112834
M01/E09,fidesz,0,fidesz,17746,17955,35.277512,35.692986
M01/E09,jobbik,0,jobbik,7510,7240,14.929231,14.392493
M01/E09,lmp,0,kispart,3731,1932,7.4169054,3.8406489
M01/E09,momentum,1,kispart,,1882,,3.7412531
M01/E09,mszp,0,baloldal,19521,10664,38.806061,21.19911
M01/E10,dk,1,baloldal,,6857,,13.32103
M01/E10,egyeb,0,egyeb,1871,1,3.6347742,.0019426906
M01/E10,egyutt,1,baloldal,,2990,,5.8086448
M01/E10,fidesz,0,fidesz,18604,19838,36.141815,38.539097
M01/E10,jobbik,0,jobbik,6521,6196,12.668285,12.036911
M01/E10,lmp,0,kispart,4539,2448,8.817873,4.7557068
M01/E10,momentum,1,kispart,,2407,,4.6760564
M01/E10,mszp,0,baloldal,19940,10330,38.737251,20.067995
M01/E11,dk,1,baloldal,,7250,,14.049026
M01/E11,egyeb,0,egyeb,1918,1,3.7166941,.0019377967
M01/E11,egyutt,1,baloldal,,3164,,6.1311889
M01/E11,fidesz,0,fidesz,17676,18088,34.252495,35.050869
M01/E11,jobbik,0,jobbik,6895,7042,13.361109,13.645965
M01/E11,lmp,0,kispart,4474,2377,8.6697025,4.606143
M01/E11,momentum,1,kispart,,2340,,4.5344443
M01/E11,mszp,0,baloldal,20642,10931,40,21.182056
M01/E12,dk,1,baloldal,,6919,,13.747268
M01/E12,egyeb,0,egyeb,1853,1,3.6817007,.0019868866
M01/E12,egyutt,1,baloldal,,3010,,5.9805284
M01/E12,fidesz,0,fidesz,18468,18251,36.693821,36.262665
M01/E12,jobbik,0,jobbik,7673,7602,15.24538,15.104312
M01/E12,lmp,0,kispart,3669,1868,7.289887,3.711504
M01/E12,momentum,1,kispart,,1820,,3.6161335
M01/E12,mszp,0,baloldal,18667,10435,37.089211,20.733162
M01/E13,dk,1,baloldal,,6043,,11.716235
M01/E13,egyeb,0,egyeb,1651,1,3.2009771,.0019388112
M01/E13,egyutt,1,baloldal,,2636,,5.1107063
M01/E13,fidesz,0,fidesz,20908,21783,40.536663,42.233124
M01/E13,jobbik,0,jobbik,6112,7158,11.850014,13.87801
M01/E13,lmp,0,kispart,4444,2254,8.6160765,4.3700805
M01/E13,momentum,1,kispart,,2217,,4.2983441
M01/E13,mszp,0,baloldal,18463,9111,35.796268,17.664509
M01/E14,dk,1,baloldal,,5902,,11.324085
M01/E14,egyeb,0,egyeb,1974,0,3.7874863,0
M01/E14,egyutt,1,baloldal,,2572,,4.9348607
M01/E14,fidesz,0,fidesz,20715,22656,39.745583,43.469753
M01/E14,jobbik,0,jobbik,7977,7636,15.305359,14.651087
M01/E14,lmp,0,kispart,3889,2041,7.4617701,3.9160383
M01/E14,momentum,1,kispart,,1998,,3.8335347
M01/E14,mszp,0,baloldal,17564,8907,33.699802,17.089737
M01/E15,dk,1,baloldal,,6990,,12.728531
M01/E15,egyeb,0,egyeb,1948,1,3.5472357,.0018209629
M01/E15,egyutt,1,baloldal,,3045,,5.5448322
M01/E15,fidesz,0,fidesz,20306,21304,36.976475,38.793793
M01/E15,jobbik,0,jobbik,8842,8512,16.100954,15.500036
M01/E15,lmp,0,kispart,3983,2089,7.2528954,3.8039916
M01/E15,momentum,1,kispart,,2053,,3.7384369
M01/E15,mszp,0,baloldal,19837,10538,36.12244,19.189308
M01/E16,dk,1,baloldal,,6391,,13.258786
M01/E16,egyeb,0,egyeb,1689,1,3.504004,.0020746028
M01/E16,egyutt,1,baloldal,,2778,,5.7632465
M01/E16,fidesz,0,fidesz,17786,17734,36.898884,36.791004
M01/E16,jobbik,0,jobbik,7540,7495,15.642505,15.549148
M01/E16,lmp,0,kispart,3608,1891,7.4851665,3.9230738
M01/E16,momentum,1,kispart,,1848,,3.8338659
M01/E16,mszp,0,baloldal,17579,9635,36.46944,19.988796
M01/E17,dk,1,baloldal,,6597,,12.921106
M01/E17,egyeb,0,egyeb,1760,1,3.4471953,.0019586338
M01/E17,egyutt,1,baloldal,,2874,,5.6291132
M01/E17,fidesz,0,fidesz,17758,18386,34.781418,36.01144
M01/E17,jobbik,0,jobbik,9238,8702,18.093857,17.044029
M01/E17,lmp,0,kispart,3439,2060,6.7357411,4.0347853
M01/E17,momentum,1,kispart,,2009,,3.934895
M01/E17,mszp,0,baloldal,18861,9953,36.941788,19.49428
M01/E18,dk,1,baloldal,,6915,,12.403587
M01/E18,egyeb,0,egyeb,1872,1243,3.3578475,2.2295964
M01/E18,egyutt,1,baloldal,,3687,,6.6134529
M01/E18,fidesz,0,fidesz,22958,23764,41.180267,42.626007
M01/E18,jobbik,0,jobbik,6682,4868,11.98565,8.7318382
M01/E18,lmp,0,kispart,4491,2747,8.0556049,4.9273543
M01/E18,momentum,1,kispart,,2712,,4.864574
M01/E18,mszp,0,baloldal,19747,9449,35.420628,16.948879
M02/E01,dk,1,baloldal,,5510,,10.928853
M02/E01,egyeb,0,egyeb,2049,529,4.0641055,1.0492493
M02/E01,egyutt,1,baloldal,,2019,,4.0046015
M02/E01,fidesz,0,fidesz,18466,21011,36.626534,41.674435
M02/E01,jobbik,0,jobbik,8635,9275,17.127159,18.396572
M02/E01,lmp,0,kispart,4635,2626,9.1933279,5.2085605
M02/E01,momentum,1,kispart,,1251,,2.4813058
M02/E01,mszp,0,baloldal,16632,7700,32.988873,15.272626
M02/E02,dk,1,baloldal,,5067,,10.681536
M02/E02,egyeb,0,egyeb,1750,410,3.6891034,.86430424
M02/E02,egyutt,1,baloldal,,1789,,3.7713177
M02/E02,fidesz,0,fidesz,16842,19989,35.503933,42.137993
M02/E02,jobbik,0,jobbik,9897,9069,20.863461,19.117989
M02/E02,lmp,0,kispart,3595,2338,7.5784726,4.9286423
M02/E02,momentum,1,kispart,,1081,,2.2788119
M02/E02,mszp,0,baloldal,15353,7197,32.365032,15.171701
M02/E03,dk,1,baloldal,,3227,,7.9724288
M02/E03,egyeb,0,egyeb,1227,115,3.0313511,.28411198
M02/E03,egyutt,1,baloldal,,874,,2.159251
M02/E03,fidesz,0,fidesz,20074,21277,49.593597,52.565655
M02/E03,jobbik,0,jobbik,8301,7465,20.507942,18.442572
M02/E03,lmp,0,kispart,1729,1265,4.2715616,3.1252315
M02/E03,momentum,1,kispart,,464,,1.14633
M02/E03,mszp,0,baloldal,9146,5042,22.595549,12.456457
M02/E04,dk,1,baloldal,,3750,,8.6603079
M02/E04,egyeb,0,egyeb,1575,105,3.6373293,.24248862
M02/E04,egyutt,1,baloldal,,1002,,2.3140342
M02/E04,fidesz,0,fidesz,19388,21430,44.774948,49.490772
M02/E04,jobbik,0,jobbik,9519,8398,21.983326,19.394472
M02/E04,lmp,0,kispart,1602,1223,3.6996837,2.8244152
M02/E04,momentum,1,kispart,,442,,1.0207616
M02/E04,mszp,0,baloldal,11217,5847,25.904713,13.503152
M03/E01,dk,1,baloldal,,2715,,6.7616367
M03/E01,egyeb,0,egyeb,1284,1196,3.1977684,2.9786069
M03/E01,egyutt,1,baloldal,,819,,2.0396981
M03/E01,fidesz,0,fidesz,20731,21105,51.630016,52.561451
M03/E01,jobbik,0,jobbik,8080,7826,20.12303,19.49045
M03/E01,lmp,0,kispart,2088,1454,5.2001095,3.6211491
M03/E01,momentum,1,kispart,,702,,1.7483127
M03/E01,mszp,0,baloldal,7970,3946,19.849077,9.8274097
M03/E02,dk,1,baloldal,,3330,,7.6892881
M03/E02,egyeb,0,egyeb,1462,1662,3.3758976,3.8377168
M03/E02,egyutt,1,baloldal,,1065,,2.4591868
M03/E02,fidesz,0,fidesz,21289,21340,49.158333,49.2761
M03/E02,jobbik,0,jobbik,8142,8071,18.800655,18.636709
M03/E02,lmp,0,kispart,2658,1793,6.1375761,4.1402082
M03/E02,momentum,1,kispart,,883,,2.0389314
M03/E02,mszp,0,baloldal,9756,4760,22.527536,10.991295
M03/E03,dk,1,baloldal,,2588,,6.3223724
M03/E03,egyeb,0,egyeb,1076,509,2.6286216,1.2434651
M03/E03,egyutt,1,baloldal,,585,,1.4291298
M03/E03,fidesz,0,fidesz,20391,22713,49.814335,55.486881
M03/E03,jobbik,0,jobbik,9140,8246,22.328627,20.144623
M03/E03,lmp,0,kispart,1638,1245,4.0015635,3.0414815
M03/E03,momentum,1,kispart,,561,,1.3704989
M03/E03,mszp,0,baloldal,8689,4047,21.226852,9.8866472
M03/E04,dk,1,baloldal,,2380,,5.8473787
M03/E04,egyeb,0,egyeb,1299,1371,3.1914895,3.3683848
M03/E04,egyutt,1,baloldal,,583,,1.4323621
M03/E04,fidesz,0,fidesz,21746,21862,53.427349,53.712349
M03/E04,jobbik,0,jobbik,9127,8712,22.42396,21.404354
M03/E04,lmp,0,kispart,1626,1147,3.9948897,2.8180432
M03/E04,momentum,1,kispart,,532,,1.3070611
M03/E04,mszp,0,baloldal,6904,3650,16.962311,8.967618
M03/E05,dk,1,baloldal,,2488,,6.3180885
M03/E05,egyeb,0,egyeb,1087,701,2.7603545,1.7801366
M03/E05,egyutt,1,baloldal,,617,,1.5668249
M03/E05,fidesz,0,fidesz,19409,20556,49.287693,52.200413
M03/E05,jobbik,0,jobbik,9669,8951,24.553696,22.730389
M03/E05,lmp,0,kispart,1292,1217,3.2809365,3.0904796
M03/E05,momentum,1,kispart,,572,,1.4525509
M03/E05,mszp,0,baloldal,7922,3807,20.117321,9.6675892
M03/E06,dk,1,baloldal,,2534,,6.6241441
M03/E06,egyeb,0,egyeb,964,876,2.5199978,2.2899566
M03/E06,egyutt,1,baloldal,,635,,1.6599572
M03/E06,fidesz,0,fidesz,18783,21130,49.100746,55.236053
M03/E06,jobbik,0,jobbik,7283,7005,19.038532,18.311811
M03/E06,lmp,0,kispart,1799,1230,4.702776,3.2153499
M03/E06,momentum,1,kispart,,583,,1.5240237
M03/E06,mszp,0,baloldal,9425,3870,24.637947,10.11659
M04/E01,dk,1,baloldal,,4561,,10.216607
M04/E01,egyeb,0,egyeb,1843,3318,4.1283069,7.4322963
M04/E01,egyutt,1,baloldal,,1444,,3.2345498
M04/E01,fidesz,0,fidesz,18149,18645,40.653629,41.764668
M04/E01,jobbik,0,jobbik,9634,8365,21.580091,18.737539
M04/E01,lmp,0,kispart,2685,1406,6.0143809,3.14943
M04/E01,momentum,1,kispart,,723,,1.6195148
M04/E01,mszp,0,baloldal,12332,5692,27.623592,12.750039
M04/E02,dk,1,baloldal,,3930,,9.4452991
M04/E02,egyeb,0,egyeb,1331,1051,3.198904,2.5259566
M04/E02,egyutt,1,baloldal,,1011,,2.4298213
M04/E02,fidesz,0,fidesz,19385,19160,46.5896,46.048836
M04/E02,jobbik,0,jobbik,10853,9954,26.083925,23.923285
M04/E02,lmp,0,kispart,1602,881,3.8502212,2.1173813
M04/E02,momentum,1,kispart,,438,,1.0526822
M04/E02,mszp,0,baloldal,8437,4677,20.277351,11.240626
M04/E03,dk,1,baloldal,,4441,,10.800623
M04/E03,egyeb,0,egyeb,2095,814,5.0950923,1.9796683
M04/E03,egyutt,1,baloldal,,1176,,2.8600612
M04/E03,fidesz,0,fidesz,18814,19316,45.756115,46.976994
M04/E03,jobbik,0,jobbik,8681,8249,21.112408,20.061773
M04/E03,lmp,0,kispart,1446,900,3.5167079,2.1888225
M04/E03,momentum,1,kispart,,457,,1.1114354
M04/E03,mszp,0,baloldal,10082,5316,24.519674,12.928644
M04/E04,dk,1,baloldal,,5089,,11.134206
M04/E04,egyeb,0,egyeb,1539,841,3.3671727,1.840021
M04/E04,egyutt,1,baloldal,,1307,,2.8595808
M04/E04,fidesz,0,fidesz,20140,20288,44.064236,44.388046
M04/E04,jobbik,0,jobbik,11093,9992,24.270336,21.861462
M04/E04,lmp,0,kispart,1580,1030,3.4568765,2.2535334
M04/E04,momentum,1,kispart,,522,,1.142082
M04/E04,mszp,0,baloldal,11354,6053,24.841377,13.243338
M05/E01,dk,1,baloldal,,4557,,9.2372246
M05/E01,egyeb,0,egyeb,1690,2089,3.4256988,4.234488
M05/E01,egyutt,1,baloldal,,1360,,2.7567754
M05/E01,fidesz,0,fidesz,16928,19624,34.313744,39.778648
M05/E01,jobbik,0,jobbik,14447,12128,29.284657,24.58395
M05/E01,lmp,0,kispart,1870,1707,3.7905662,3.4601586
M05/E01,momentum,1,kispart,,867,,1.7574443
M05/E01,mszp,0,baloldal,14398,6530,29.185333,13.236576
M05/E02,dk,1,baloldal,,4560,,9.6663418
M05/E02,egyeb,0,egyeb,1590,2145,3.3705008,4.5469961
M05/E02,egyutt,1,baloldal,,1414,,2.9974139
M05/E02,fidesz,0,fidesz,15363,18521,32.566669,39.261032
M05/E02,jobbik,0,jobbik,13692,11067,29.024462,23.459957
M05/E02,lmp,0,kispart,1906,1668,4.0403614,3.535846
M05/E02,momentum,1,kispart,,852,,1.8060796
M05/E02,mszp,0,baloldal,14623,6483,30.998007,13.74274
M05/E03,dk,1,baloldal,,3163,,7.7129412
M05/E03,egyeb,0,egyeb,1183,524,2.8847327,1.2777683
M05/E03,egyutt,1,baloldal,,624,,1.5216172
M05/E03,fidesz,0,fidesz,15789,17523,38.501305,42.729645
M05/E03,jobbik,0,jobbik,12378,12517,30.183619,30.522568
M05/E03,lmp,0,kispart,772,699,1.8825136,1.7045039
M05/E03,momentum,1,kispart,,323,,.78763199
M05/E03,mszp,0,baloldal,10887,4991,26.547831,12.170499
M05/E04,dk,1,baloldal,,3484,,7.7484212
M05/E04,egyeb,0,egyeb,1569,818,3.4894583,1.8192332
M05/E04,egyutt,1,baloldal,,725,,1.612401
M05/E04,fidesz,0,fidesz,16709,19739,37.160839,43.899563
M05/E04,jobbik,0,jobbik,13373,12802,29.741571,28.471666
M05/E04,lmp,0,kispart,1054,897,2.3440976,1.9949293
M05/E04,momentum,1,kispart,,435,,.96744061
M05/E04,mszp,0,baloldal,12259,5423,27.264034,12.06076
M05/E05,dk,1,baloldal,,2801,,6.4555531
M05/E05,egyeb,0,egyeb,1444,583,3.3280325,1.3436586
M05/E05,egyutt,1,baloldal,,488,,1.124709
M05/E05,fidesz,0,fidesz,19369,21877,44.640347,50.420612
M05/E05,jobbik,0,jobbik,11711,11226,26.990711,25.872917
M05/E05,lmp,0,kispart,1044,789,2.4061399,1.8184333
M05/E05,momentum,1,kispart,,360,,.82970339
M05/E05,mszp,0,baloldal,9821,4523,22.634769,10.424301
M05/E06,dk,1,baloldal,,3390,,7.1736922
M05/E06,egyeb,0,egyeb,1326,1047,2.8059928,2.2155917
M05/E06,egyutt,1,baloldal,,630,,1.3331641
M05/E06,fidesz,0,fidesz,19030,19982,40.27002,42.284576
M05/E06,jobbik,0,jobbik,14418,14790,30.510412,31.297613
M05/E06,lmp,0,kispart,1451,980,3.0705097,2.0738108
M05/E06,momentum,1,kispart,,486,,1.0284408
M05/E06,mszp,0,baloldal,11031,5389,23.343067,11.403843
M05/E07,dk,1,baloldal,,2962,,6.3192029
M05/E07,egyeb,0,egyeb,1377,828,2.9377253,1.7664753
M05/E07,egyutt,1,baloldal,,563,,1.2011179
M05/E07,fidesz,0,fidesz,20522,21263,43.782135,45.363003
M05/E07,jobbik,0,jobbik,14498,14460,30.930386,30.849316
M05/E07,lmp,0,kispart,1253,1062,2.6731808,2.2656968
M05/E07,momentum,1,kispart,,515,,1.0987135
M05/E07,mszp,0,baloldal,9223,4704,19.676573,10.035628
M06/E01,dk,1,baloldal,,5328,,10.427227
M06/E01,egyeb,0,egyeb,1972,2990,3.8593264,5.8516154
M06/E01,egyutt,1,baloldal,,1857,,3.6342642
M06/E01,fidesz,0,fidesz,17283,20041,33.823902,39.221481
M06/E01,jobbik,0,jobbik,8057,8794,15.768049,17.210403
M06/E01,lmp,0,kispart,4352,2673,8.5171337,5.2312269
M06/E01,momentum,1,kispart,,1365,,2.6713898
M06/E01,mszp,0,baloldal,19433,7690,38.031586,15.049808
M06/E02,dk,1,baloldal,,4773,,9.0209789
M06/E02,egyeb,0,egyeb,1710,3310,3.2319033,6.2559061
M06/E02,egyutt,1,baloldal,,1606,,3.0353429
M06/E02,fidesz,0,fidesz,22985,22720,43.441692,42.940842
M06/E02,jobbik,0,jobbik,8372,9235,15.823096,17.454168
M06/E02,lmp,0,kispart,4169,2546,7.8794179,4.811945
M06/E02,momentum,1,kispart,,1283,,2.4248724
M06/E02,mszp,0,baloldal,15674,7016,29.62389,13.260253
M06/E03,dk,1,baloldal,,3280,,6.8300605
M06/E03,egyeb,0,egyeb,1749,1649,3.642005,3.4337714
M06/E03,egyutt,1,baloldal,,934,,1.9449013
M06/E03,fidesz,0,fidesz,22215,22587,46.259083,47.033714
M06/E03,jobbik,0,jobbik,11992,11324,24.971369,23.580368
M06/E03,lmp,0,kispart,2143,1655,4.4624453,3.4462652
M06/E03,momentum,1,kispart,,808,,1.6825271
M06/E03,mszp,0,baloldal,9924,5174,20.665098,10.774004
M06/E04,dk,1,baloldal,,3758,,7.8612666
M06/E04,egyeb,0,egyeb,1690,2359,3.535269,4.9347334
M06/E04,egyutt,1,baloldal,,1192,,2.4935153
M06/E04,fidesz,0,fidesz,20823,20708,43.559116,43.31855
M06/E04,jobbik,0,jobbik,11969,10805,25.037653,22.602711
M06/E04,lmp,0,kispart,2692,1838,5.6313281,3.8448665
M06/E04,momentum,1,kispart,,910,,1.9036064
M06/E04,mszp,0,baloldal,10630,5675,22.236633,11.871391
M07/E01,dk,1,baloldal,,4352,,9.8272552
M07/E01,egyeb,0,egyeb,1465,2743,3.3081179,6.1939707
M07/E01,egyutt,1,baloldal,,1428,,3.2245681
M07/E01,fidesz,0,fidesz,19170,18421,43.287796,41.596478
M07/E01,jobbik,0,jobbik,7493,7634,16.91995,17.238342
M07/E01,lmp,0,kispart,3055,2107,6.8984985,4.7578187
M07/E01,momentum,1,kispart,,1021,,2.305521
M07/E01,mszp,0,baloldal,13102,6212,29.585638,14.027323
M07/E02,dk,1,baloldal,,3185,,7.2235327
M07/E02,egyeb,0,egyeb,1392,1608,3.1570354,3.64692
M07/E02,egyutt,1,baloldal,,784,,1.7781004
M07/E02,fidesz,0,fidesz,22333,22083,50.650913,50.083916
M07/E02,jobbik,0,jobbik,9627,8572,21.833893,19.441168
M07/E02,lmp,0,kispart,2151,1663,4.8784361,3.7716594
M07/E02,momentum,1,kispart,,720,,1.6329492
M07/E02,mszp,0,baloldal,8589,5020,19.479725,11.385285
M07/E03,dk,1,baloldal,,3328,,7.4478559
M07/E03,egyeb,0,egyeb,1429,911,3.1980128,2.0387611
M07/E03,egyutt,1,baloldal,,689,,1.5419389
M07/E03,fidesz,0,fidesz,22748,23772,50.908604,53.200253
M07/E03,jobbik,0,jobbik,7972,7718,17.840837,17.272402
M07/E03,lmp,0,kispart,2401,1661,5.3732882,3.7172141
M07/E03,momentum,1,kispart,,693,,1.5508907
M07/E03,mszp,0,baloldal,10134,5481,22.679258,12.266135
M07/E04,dk,1,baloldal,,4015,,9.7067423
M07/E04,egyeb,0,egyeb,1661,2400,4.015666,5.8022871
M07/E04,egyutt,1,baloldal,,1161,,2.8068564
M07/E04,fidesz,0,fidesz,15120,16756,36.554409,40.509636
M07/E04,jobbik,0,jobbik,10160,8044,24.563015,19.447332
M07/E04,lmp,0,kispart,2015,1754,4.8715034,4.2405047
M07/E04,momentum,1,kispart,,804,,1.9437661
M07/E04,mszp,0,baloldal,12407,6022,29.995407,14.558906
M07/E05,dk,1,baloldal,,2479,,6.6956568
M07/E05,egyeb,0,egyeb,902,468,2.4362576,1.264045
M07/E05,egyutt,1,baloldal,,478,,1.2910545
M07/E05,fidesz,0,fidesz,17954,18973,48.49287,51.24514
M07/E05,jobbik,0,jobbik,10866,8638,29.34853,23.330812
M07/E05,lmp,0,kispart,1035,948,2.7954841,2.5605013
M07/E05,momentum,1,kispart,,372,,1.0047537
M07/E05,mszp,0,baloldal,6267,4161,16.926859,11.238656
M08/E01,dk,1,baloldal,,4235,,9.5777645
M08/E01,egyeb,0,egyeb,1327,2159,3.0011082,4.8827376
M08/E01,egyutt,1,baloldal,,1458,,3.2973742
M08/E01,fidesz,0,fidesz,20946,19349,47.370922,43.759186
M08/E01,jobbik,0,jobbik,6820,7622,15.423932,17.237715
M08/E01,lmp,0,kispart,3039,1928,6.8729219,4.3603139
M08/E01,momentum,1,kispart,,926,,2.0942171
M08/E01,mszp,0,baloldal,12085,6204,27.331118,14.030803
M08/E02,dk,1,baloldal,,3540,,7.9420276
M08/E02,egyeb,0,egyeb,1271,1456,2.8515019,3.2665515
M08/E02,egyutt,1,baloldal,,1054,,2.3646603
M08/E02,fidesz,0,fidesz,23497,22098,52.715771,49.577099
M08/E02,jobbik,0,jobbik,8059,7884,18.080452,17.687838
M08/E02,lmp,0,kispart,2419,1712,5.427052,3.8408902
M08/E02,momentum,1,kispart,,765,,1.7162856
M08/E02,mszp,0,baloldal,9327,5646,20.925224,12.666862
M08/E03,dk,1,baloldal,,2631,,6.2520795
M08/E03,egyeb,0,egyeb,762,720,1.8107505,1.7109452
M08/E03,egyutt,1,baloldal,,586,,1.3925194
M08/E03,fidesz,0,fidesz,24786,24197,58.899292,57.499645
M08/E03,jobbik,0,jobbik,8149,7334,19.364574,17.427879
M08/E03,lmp,0,kispart,1412,979,3.3553538,2.3264103
M08/E03,momentum,1,kispart,,379,,.90062261
M08/E03,mszp,0,baloldal,6973,4741,16.57003,11.2661
M08/E04,dk,1,baloldal,,4143,,8.4939318
M08/E04,egyeb,0,egyeb,1400,1768,2.8702641,3.6247334
M08/E04,egyutt,1,baloldal,,1283,,2.6303921
M08/E04,fidesz,0,fidesz,24574,23633,50.381336,48.452106
M08/E04,jobbik,0,jobbik,8324,8234,17.065769,16.881252
M08/E04,lmp,0,kispart,3035,1902,6.2223225,3.8994586
M08/E04,momentum,1,kispart,,870,,1.7836641
M08/E04,mszp,0,baloldal,11443,6482,23.460308,13.289323
M08/E05,dk,1,baloldal,,3541,,7.9565883
M08/E05,egyeb,0,egyeb,1335,797,2.9997303,1.7908503
M08/E05,egyutt,1,baloldal,,902,,2.0267842
M08/E05,fidesz,0,fidesz,21875,22427,49.152885,50.393223
M08/E05,jobbik,0,jobbik,8545,8075,19.200521,18.144436
M08/E05,lmp,0,kispart,2433,1525,5.4669242,3.4266584
M08/E05,momentum,1,kispart,,636,,1.429085
M08/E05,mszp,0,baloldal,10316,6088,23.179939,13.679669
M09/E01,dk,1,baloldal,,3587,,8.014926
M09/E01,egyeb,0,egyeb,1651,2989,3.6890557,6.6787324
M09/E01,egyutt,1,baloldal,,1196,,2.6723869
M09/E01,fidesz,0,fidesz,20041,20383,44.780354,45.544533
M09/E01,jobbik,0,jobbik,8484,8465,18.956964,18.914511
M09/E01,lmp,0,kispart,3070,1778,6.8597221,3.9728293
M09/E01,momentum,1,kispart,,856,,1.9126782
M09/E01,mszp,0,baloldal,11508,5181,25.713903,11.576619
M09/E02,dk,1,baloldal,,3511,,8.0266104
M09/E02,egyeb,0,egyeb,1641,2926,3.751543,6.6892233
M09/E02,egyutt,1,baloldal,,1169,,2.6724887
M09/E02,fidesz,0,fidesz,19268,19919,44.049198,45.537468
M09/E02,jobbik,0,jobbik,9811,8274,22.429245,18.915459
M09/E02,lmp,0,kispart,2551,1738,5.8319235,3.9732981
M09/E02,momentum,1,kispart,,836,,1.9112066
M09/E02,mszp,0,baloldal,10471,5062,23.938091,11.572402
M09/E03,dk,1,baloldal,,2530,,6.0397716
M09/E03,egyeb,0,egyeb,1134,1356,2.7071545,3.2371266
M09/E03,egyutt,1,baloldal,,668,,1.5946907
M09/E03,fidesz,0,fidesz,20948,21857,50.008354,52.178375
M09/E03,jobbik,0,jobbik,11026,9467,26.321945,22.600204
M09/E03,lmp,0,kispart,1491,1102,3.559407,2.6307623
M09/E03,momentum,1,kispart,,475,,1.1339493
M09/E03,mszp,0,baloldal,7290,4005,17.403137,9.5609827
M09/E04,dk,1,baloldal,,2257,,6.023807
M09/E04,egyeb,0,egyeb,905,492,2.4153945,1.3131205
M09/E04,egyutt,1,baloldal,,469,,1.2517349
M09/E04,fidesz,0,fidesz,17576,19154,46.909363,51.120956
M09/E04,jobbik,0,jobbik,10776,9743,28.760542,26.003523
M09/E04,lmp,0,kispart,1003,734,2.6769509,1.959005
M09/E04,momentum,1,kispart,,278,,.74196649
M09/E04,mszp,0,baloldal,7208,3872,19.237749,10.334152
M09/E05,dk,1,baloldal,,2558,,6.409903
M09/E05,egyeb,0,egyeb,1338,925,3.3527954,2.317889
M09/E05,egyutt,1,baloldal,,607,,1.5210364
M09/E05,fidesz,0,fidesz,17601,19725,44.105045,49.427418
M09/E05,jobbik,0,jobbik,11695,10018,29.305635,25.103365
M09/E05,lmp,0,kispart,1337,1023,3.3502893,2.5634601
M09/E05,momentum,1,kispart,,421,,1.0549527
M09/E05,mszp,0,baloldal,7936,4204,19.886236,10.534492
M09/E06,dk,1,baloldal,,2448,,6.167645
M09/E06,egyeb,0,egyeb,1357,833,3.418911,2.0987124
M09/E06,egyutt,1,baloldal,,611,,1.5393918
M09/E06,fidesz,0,fidesz,18713,19775,47.146709,49.822376
M09/E06,jobbik,0,jobbik,11195,10088,28.205387,25.416342
M09/E06,lmp,0,kispart,1406,1119,3.5423648,2.819279
M09/E06,momentum,1,kispart,,471,,1.186667
M09/E06,mszp,0,baloldal,7020,3920,17.686628,9.8762941
M10/E01,dk,1,baloldal,,4739,,8.7277613
M10/E01,egyeb,0,egyeb,1542,412,2.8398836,.75877565
M10/E01,egyutt,1,baloldal,,1493,,2.7496409
M10/E01,fidesz,0,fidesz,21684,23950,39.935173,44.10844
M10/E01,jobbik,0,jobbik,14769,13165,27.199898,24.245829
M10/E01,lmp,0,kispart,2506,1932,4.6152711,3.5581422
M10/E01,momentum,1,kispart,,992,,1.826955
M10/E01,mszp,0,baloldal,13797,7128,25.409775,13.127555
M10/E02,dk,1,baloldal,,4493,,8.3989162
M10/E02,egyeb,0,egyeb,1140,203,2.1310403,.37947473
M10/E02,egyutt,1,baloldal,,1196,,2.235723
M10/E02,fidesz,0,fidesz,20670,23315,38.639126,43.583511
M10/E02,jobbik,0,jobbik,17271,14315,32.285259,26.75951
M10/E02,lmp,0,kispart,1547,1444,2.8918591,2.6993177
M10/E02,momentum,1,kispart,,711,,1.3290962
M10/E02,mszp,0,baloldal,12867,7190,24.052715,13.440509
M10/E03,dk,1,baloldal,,3896,,7.8981509
M10/E03,egyeb,0,egyeb,1088,189,2.2056439,.38314953
M10/E03,egyutt,1,baloldal,,1030,,2.0880635
M10/E03,fidesz,0,fidesz,19360,20488,39.247486,41.534222
M10/E03,jobbik,0,jobbik,15839,15133,32.109554,30.678316
M10/E03,lmp,0,kispart,1326,1222,2.6881285,2.4772949
M10/E03,momentum,1,kispart,,617,,1.2508109
M10/E03,mszp,0,baloldal,11715,6252,23.749189,12.674343
M11/E01,dk,1,baloldal,,4664,,9.0802898
M11/E01,egyeb,0,egyeb,1630,458,3.1734288,.89167511
M11/E01,egyutt,1,baloldal,,1460,,2.8424578
M11/E01,fidesz,0,fidesz,18539,22123,36.093372,43.071022
M11/E01,jobbik,0,jobbik,13574,12224,26.427069,23.798769
M11/E01,lmp,0,kispart,2454,1833,4.7776651,3.5686474
M11/E01,momentum,1,kispart,,967,,1.8826416
M11/E01,mszp,0,baloldal,15167,7128,29.528463,13.877424
M11/E02,dk,1,baloldal,,3098,,7.2947326
M11/E02,egyeb,0,egyeb,1107,200,2.6066072,.47093174
M11/E02,egyutt,1,baloldal,,761,,1.7918953
M11/E02,fidesz,0,fidesz,18747,20240,44.142788,47.658291
M11/E02,jobbik,0,jobbik,12515,11115,29.468554,26.172031
M11/E02,lmp,0,kispart,1309,897,3.0822482,2.1121287
M11/E02,momentum,1,kispart,,483,,1.1373001
M11/E02,mszp,0,baloldal,8791,5255,20.699804,12.373732
M11/E03,dk,1,baloldal,,2963,,6.6193061
M11/E03,egyeb,0,egyeb,979,202,2.1870742,.45126554
M11/E03,egyutt,1,baloldal,,713,,1.5928334
M11/E03,fidesz,0,fidesz,22283,22723,49.779953,50.762905
M11/E03,jobbik,0,jobbik,11999,11415,26.80562,25.500971
M11/E03,lmp,0,kispart,1197,789,2.6740835,1.7626164
M11/E03,momentum,1,kispart,,414,,.92487097
M11/E03,mszp,0,baloldal,8305,5080,18.55327,11.348659
M11/E04,dk,1,baloldal,,3228,,7.3855448
M11/E04,egyeb,0,egyeb,1070,193,2.4481204,.44157687
M11/E04,egyutt,1,baloldal,,764,,1.7480037
M11/E04,fidesz,0,fidesz,17831,20103,40.796669,45.994919
M11/E04,jobbik,0,jobbik,13567,11770,31.040794,26.929325
M11/E04,lmp,0,kispart,1331,1045,3.0452788,2.3909214
M11/E04,momentum,1,kispart,,557,,1.2743953
M11/E04,mszp,0,baloldal,9908,5551,22.669138,12.700482
M12/E01,dk,1,baloldal,,5425,,10.852821
M12/E01,egyeb,0,egyeb,1988,460,3.9770341,.92023927
M12/E01,egyutt,1,baloldal,,1807,,3.6149399
M12/E01,fidesz,0,fidesz,19116,20755,38.241943,41.520794
M12/E01,jobbik,0,jobbik,8953,9689,17.910656,19.383039
M12/E01,lmp,0,kispart,3104,2544,6.2096143,5.089323
M12/E01,momentum,1,kispart,,1188,,2.3766179
M12/E01,mszp,0,baloldal,16826,7646,33.660751,15.295977
M12/E02,dk,1,baloldal,,4501,,8.8639002
M12/E02,egyeb,0,egyeb,1514,233,2.9815476,.4588511
M12/E02,egyutt,1,baloldal,,1214,,2.3907521
M12/E02,fidesz,0,fidesz,22018,23941,43.360443,47.147442
M12/E02,jobbik,0,jobbik,10856,10645,21.378916,20.96339
M12/E02,lmp,0,kispart,2697,2149,5.3112507,4.2320642
M12/E02,momentum,1,kispart,,892,,1.7566317
M12/E02,mszp,0,baloldal,13694,6709,26.96784,13.212154
M12/E03,dk,1,baloldal,,4514,,9.0879803
M12/E03,egyeb,0,egyeb,1609,213,3.2393799,.42883027
M12/E03,egyutt,1,baloldal,,1187,,2.3897724
M12/E03,fidesz,0,fidesz,22575,23874,45.44997,48.065231
M12/E03,jobbik,0,jobbik,10290,9866,20.71673,19.863096
M12/E03,lmp,0,kispart,2450,1913,4.9325547,3.8514194
M12/E03,momentum,1,kispart,,785,,1.5804309
M12/E03,mszp,0,baloldal,12746,6763,25.661366,13.615865
M13/E01,dk,1,baloldal,,4846,,9.8602152
M13/E01,egyeb,0,egyeb,1678,211,3.414247,.42932427
M13/E01,egyutt,1,baloldal,,1125,,2.2890513
M13/E01,fidesz,0,fidesz,18841,22239,38.336014,45.249966
M13/E01,jobbik,0,jobbik,12360,11413,25.149042,23.22217
M13/E01,lmp,0,kispart,1447,1203,2.9442286,2.4477587
M13/E01,momentum,1,kispart,,943,,1.9187336
M13/E01,mszp,0,baloldal,14821,6562,30.156469,13.351782
M13/E02,dk,1,baloldal,,3999,,8.0444975
M13/E02,egyeb,0,egyeb,1423,144,2.8625455,.28967431
M13/E02,egyutt,1,baloldal,,752,,1.5127437
M13/E02,fidesz,0,fidesz,23922,25780,48.122147,51.859749
M13/E02,jobbik,0,jobbik,11905,10970,23.948421,22.067551
M13/E02,lmp,0,kispart,1646,1030,3.3111384,2.0719759
M13/E02,momentum,1,kispart,,863,,1.7360343
M13/E02,mszp,0,baloldal,10815,5507,21.755749,11.078031
M14/E01,dk,1,baloldal,,4643,,8.9778795
M14/E01,egyeb,0,egyeb,1843,2342,3.563694,4.5285792
M14/E01,egyutt,1,baloldal,,1599,,3.0918865
M14/E01,fidesz,0,fidesz,22199,22917,42.92482,44.313171
M14/E01,jobbik,0,jobbik,8323,9531,16.093666,18.429499
M14/E01,lmp,0,kispart,3308,2253,6.3964729,4.3564854
M14/E01,momentum,1,kispart,,1117,,2.1598732
M14/E01,mszp,0,baloldal,16043,6900,31.021347,13.342099
M14/E02,dk,1,baloldal,,4759,,7.9483581
M14/E02,egyeb,0,egyeb,1781,1798,2.97458,3.0029728
M14/E02,egyutt,1,baloldal,,1485,,2.4802084
M14/E02,fidesz,0,fidesz,27944,29898,46.671345,49.934864
M14/E02,jobbik,0,jobbik,7045,9672,11.766376,16.153923
M14/E02,lmp,0,kispart,5854,2878,9.7771988,4.8067608
M14/E02,momentum,1,kispart,,1406,,2.3482647
M14/E02,mszp,0,baloldal,17250,7512,28.810503,12.546348
M14/E03,dk,1,baloldal,,4391,,7.652492
M14/E03,egyeb,0,egyeb,1960,1524,3.4158244,2.6559777
M14/E03,egyutt,1,baloldal,,1348,,2.3492506
M14/E03,fidesz,0,fidesz,27470,28847,47.873825,50.273613
M14/E03,jobbik,0,jobbik,7881,10081,13.734751,17.56884
M14/E03,lmp,0,kispart,4737,2547,8.2554893,4.4388289
M14/E03,momentum,1,kispart,,1223,,2.1314046
M14/E03,mszp,0,baloldal,15332,6998,26.720112,12.195887
M14/E04,dk,1,baloldal,,3540,,7.474978
M14/E04,egyeb,0,egyeb,1512,1051,3.1927023,2.2192659
M14/E04,egyutt,1,baloldal,,1068,,2.2551627
M14/E04,fidesz,0,fidesz,22316,23017,47.121922,48.602139
M14/E04,jobbik,0,jobbik,9690,10223,20.461168,21.586637
M14/E04,lmp,0,kispart,2418,1587,5.1057901,3.3510706
M14/E04,momentum,1,kispart,,754,,1.592128
M14/E04,mszp,0,baloldal,11422,5675,24.118418,11.983191
M14/E05,dk,1,baloldal,,5025,,8.5364819
M14/E05,egyeb,0,egyeb,2393,3053,4.0652342,5.1864433
M14/E05,egyutt,1,baloldal,,1667,,2.8319035
M14/E05,fidesz,0,fidesz,24255,26094,41.204453,44.328548
M14/E05,jobbik,0,jobbik,9373,10840,15.922874,18.415018
M14/E05,lmp,0,kispart,4719,2725,8.0166483,4.6292362
M14/E05,momentum,1,kispart,,1338,,2.2729976
M14/E05,mszp,0,baloldal,18125,7658,30.790792,13.009428
M14/E06,dk,1,baloldal,,4213,,7.6143141
M14/E06,egyeb,0,egyeb,2240,1470,4.0484366,2.6567864
M14/E06,egyutt,1,baloldal,,1305,,2.3585758
M14/E06,fidesz,0,fidesz,24788,26498,44.800289,47.890839
M14/E06,jobbik,0,jobbik,10332,11580,18.673414,20.928972
M14/E06,lmp,0,kispart,3724,2124,6.730526,3.8387854
M14/E06,momentum,1,kispart,,1020,,1.8434845
M14/E06,mszp,0,baloldal,14246,6658,25.747334,12.033255
M14/E07,dk,1,baloldal,,4138,,8.0576382
M14/E07,egyeb,0,egyeb,1994,2108,3.8827767,4.1047611
M14/E07,egyutt,1,baloldal,,1310,,2.5508714
M14/E07,fidesz,0,fidesz,21887,23542,42.619026,45.84169
M14/E07,jobbik,0,jobbik,10227,10627,19.914322,20.693214
M14/E07,lmp,0,kispart,2794,1819,5.4405608,3.5420115
M14/E07,momentum,1,kispart,,895,,1.7427709
M14/E07,mszp,0,baloldal,14453,6454,28.143316,12.567423
M14/E08,dk,1,baloldal,,4566,,8.8027763
M14/E08,egyeb,0,egyeb,2013,1695,3.880856,3.2677848
M14/E08,egyutt,1,baloldal,,1439,,2.7742434
M14/E08,fidesz,0,fidesz,20512,22767,39.545017,43.892422
M14/E08,jobbik,0,jobbik,10012,10388,19.302101,20.026991
M14/E08,lmp,0,kispart,3153,2281,6.0786581,4.3975325
M14/E08,momentum,1,kispart,,1107,,2.1341815
M14/E08,mszp,0,baloldal,16180,7177,31.193369,13.836514
M14/E09,dk,1,baloldal,,2657,,6.4437113
M14/E09,egyeb,0,egyeb,1147,616,2.7816851,1.4939128
M14/E09,egyutt,1,baloldal,,763,,1.8504148
M14/E09,fidesz,0,fidesz,20174,20868,48.925644,50.608723
M14/E09,jobbik,0,jobbik,10254,10181,24.867828,24.690788
M14/E09,lmp,0,kispart,1259,924,3.0533056,2.2408693
M14/E09,momentum,1,kispart,,415,,1.006451
M14/E09,mszp,0,baloldal,8400,4363,20.371538,10.581074
M14/E10,dk,1,baloldal,,2887,,6.8841357
M14/E10,egyeb,0,egyeb,1241,707,2.9592006,1.6858622
M14/E10,egyutt,1,baloldal,,814,,1.9410068
M14/E10,fidesz,0,fidesz,19140,21067,45.639889,50.234875
M14/E10,jobbik,0,jobbik,10537,9622,25.125784,22.943939
M14/E10,lmp,0,kispart,1638,1102,3.9058588,2.6277511
M14/E10,momentum,1,kispart,,495,,1.180342
M14/E10,mszp,0,baloldal,9381,4780,22.369268,11.398049
M14/E11,dk,1,baloldal,,3491,,7.2486038
M14/E11,egyeb,0,egyeb,1505,1152,3.1249352,2.3919768
M14/E11,egyutt,1,baloldal,,1072,,2.2258675
M14/E11,fidesz,0,fidesz,23192,23662,48.155148,49.131039
M14/E11,jobbik,0,jobbik,9863,10559,20.479225,21.924379
M14/E11,lmp,0,kispart,2306,1504,4.7881064,3.1228588
M14/E11,momentum,1,kispart,,711,,1.4762982
M14/E11,mszp,0,baloldal,11295,5535,23.452585,11.492702
M14/E12,dk,1,baloldal,,3070,,7.2031908
M14/E12,egyeb,0,egyeb,1074,1036,2.5199437,2.4307837
M14/E12,egyutt,1,baloldal,,977,,2.292351
M14/E12,fidesz,0,fidesz,19610,20621,46.011261,48.383389
M14/E12,jobbik,0,jobbik,11803,9924,27.693571,23.284843
M14/E12,lmp,0,kispart,1456,1192,3.4162364,2.796809
M14/E12,momentum,1,kispart,,582,,1.3655561
M14/E12,mszp,0,baloldal,8677,4771,20.358986,11.194275
M15/E01,dk,1,baloldal,,4311,,10.522591
M15/E01,egyeb,0,egyeb,1282,381,3.1291952,.92997146
M15/E01,egyutt,1,baloldal,,1365,,3.3317873
M15/E01,fidesz,0,fidesz,16538,18850,40.367107,46.010399
M15/E01,jobbik,0,jobbik,9320,7572,22.748907,18.482267
M15/E01,lmp,0,kispart,2218,911,5.4138494,2.2236326
M15/E01,momentum,1,kispart,,488,,1.1911445
M15/E01,mszp,0,baloldal,11611,6668,28.34094,16.275721
M15/E02,dk,1,baloldal,,2770,,8.1482573
M15/E02,egyeb,0,egyeb,972,101,2.8592441,.29710251
M15/E02,egyutt,1,baloldal,,570,,1.6767172
M15/E02,fidesz,0,fidesz,15623,18211,45.956757,53.569641
M15/E02,jobbik,0,jobbik,8647,6111,25.436094,17.976173
M15/E02,lmp,0,kispart,929,301,2.7327547,.88542432
M15/E02,momentum,1,kispart,,166,,.48830712
M15/E02,mszp,0,baloldal,7824,5199,23.01515,15.293426
M15/E03,dk,1,baloldal,,3083,,8.2849617
M15/E03,egyeb,0,egyeb,976,113,2.6228099,.30366549
M15/E03,egyutt,1,baloldal,,636,,1.7091261
M15/E03,fidesz,0,fidesz,17559,19523,47.18639,52.46426
M15/E03,jobbik,0,jobbik,8682,6816,23.331184,18.316671
M15/E03,lmp,0,kispart,1320,405,3.5472429,1.0883586
M15/E03,momentum,1,kispart,,219,,.58851981
M15/E03,mszp,0,baloldal,8675,5816,23.312372,15.629367
M15/E04,dk,1,baloldal,,3461,,8.7209597
M15/E04,egyeb,0,egyeb,1124,155,2.832233,.39056593
M15/E04,egyutt,1,baloldal,,784,,1.9755077
M15/E04,fidesz,0,fidesz,18535,20325,46.704128,51.214535
M15/E04,jobbik,0,jobbik,8322,7120,20.969612,17.940836
M15/E04,lmp,0,kispart,1718,602,4.3289824,1.5169077
M15/E04,momentum,1,kispart,,330,,.83152747
M15/E04,mszp,0,baloldal,9987,6344,25.165045,15.985486
M16/E01,dk,1,baloldal,,3949,,8.0816145
M16/E01,egyeb,0,egyeb,2172,6845,4.4449902,14.008267
M16/E01,egyutt,1,baloldal,,1465,,2.9981172
M16/E01,fidesz,0,fidesz,17474,18514,35.760479,37.888836
M16/E01,jobbik,0,jobbik,11362,9641,23.252293,19.730272
M16/E01,lmp,0,kispart,2365,1579,4.8399639,3.2314179
M16/E01,momentum,1,kispart,,792,,1.6208252
M16/E01,mszp,0,baloldal,15491,5680,31.702276,11.6241
M16/E02,dk,1,baloldal,,2948,,6.9639988
M16/E02,egyeb,0,egyeb,1184,2509,2.7969384,5.9269586
M16/E02,egyutt,1,baloldal,,959,,2.2654257
M16/E02,fidesz,0,fidesz,18324,17883,43.286404,42.244637
M16/E02,jobbik,0,jobbik,12060,11751,28.489086,27.759142
M16/E02,lmp,0,kispart,1193,785,2.8181989,1.8543891
M16/E02,momentum,1,kispart,,363,,.85750735
M16/E02,mszp,0,baloldal,9571,4686,22.609373,11.06964
M16/E03,dk,1,baloldal,,2696,,5.9001184
M16/E03,egyeb,0,egyeb,1184,965,2.5911498,2.1118746
M16/E03,egyutt,1,baloldal,,776,,1.6982536
M16/E03,fidesz,0,fidesz,21660,22900,47.402287,50.11599
M16/E03,jobbik,0,jobbik,12868,12575,28.161247,27.520025
M16/E03,lmp,0,kispart,951,475,2.0812361,1.0395238
M16/E03,momentum,1,kispart,,190,,.41580951
M16/E03,mszp,0,baloldal,9031,4611,19.764082,10.091041
M16/E04,dk,1,baloldal,,2467,,5.679359
M16/E04,egyeb,0,egyeb,1075,797,2.4747918,1.8347991
M16/E04,egyutt,1,baloldal,,672,,1.5470326
M16/E04,fidesz,0,fidesz,23859,23500,54.926563,54.100098
M16/E04,jobbik,0,jobbik,10607,10638,24.418713,24.490078
M16/E04,lmp,0,kispart,591,371,1.3605598,.85409087
M16/E04,momentum,1,kispart,,138,,.31769419
M16/E04,mszp,0,baloldal,7306,4275,16.819374,9.8416138
M16/E05,dk,1,baloldal,,2507,,5.8938313
M16/E05,egyeb,0,egyeb,853,737,2.0053601,1.73265
M16/E05,egyutt,1,baloldal,,723,,1.6997367
M16/E05,fidesz,0,fidesz,22230,22452,52.261612,52.783524
M16/E05,jobbik,0,jobbik,10785,10808,25.354994,25.409065
M16/E05,lmp,0,kispart,685,406,1.6104006,.9544856
M16/E05,momentum,1,kispart,,157,,.36909911
M16/E05,mszp,0,baloldal,7983,4265,18.767632,10.026801
M16/E06,dk,1,baloldal,,2384,,5.6546488
M16/E06,egyeb,0,egyeb,972,691,2.3055029,1.6389943
M16/E06,egyutt,1,baloldal,,705,,1.6722012
M16/E06,fidesz,0,fidesz,20874,22093,49.511387,52.402752
M16/E06,jobbik,0,jobbik,11762,11221,27.898481,26.615274
M16/E06,lmp,0,kispart,705,433,1.6722012,1.0270399
M16/E06,momentum,1,kispart,,169,,.4008539
M16/E06,mszp,0,baloldal,7847,4023,18.612429,9.5422201
M17/E01,dk,1,baloldal,,2414,,6.3306408
M17/E01,egyeb,0,egyeb,954,179,2.5018358,.46942201
M17/E01,egyutt,1,baloldal,,635,,1.6652681
M17/E01,fidesz,0,fidesz,17069,20046,44.762928,52.570019
M17/E01,jobbik,0,jobbik,7826,7510,20.523445,19.694744
M17/E01,lmp,0,kispart,2514,1370,6.5928879,3.592783
M17/E01,momentum,1,kispart,,603,,1.581349
M17/E01,mszp,0,baloldal,9769,4938,25.618902,12.949754
M17/E02,dk,1,baloldal,,1991,,5.5044098
M17/E02,egyeb,0,egyeb,885,128,2.4467115,.35387465
M17/E02,egyutt,1,baloldal,,462,,1.2772663
M17/E02,fidesz,0,fidesz,16951,19657,46.86351,54.344643
M17/E02,jobbik,0,jobbik,8648,7729,23.908655,21.367947
M17/E02,lmp,0,kispart,1284,934,3.5498052,2.5821791
M17/E02,momentum,1,kispart,,376,,1.0395068
M17/E02,mszp,0,baloldal,8403,4343,23.231318,12.006856
M17/E03,dk,1,baloldal,,1965,,5.3845944
M17/E03,egyeb,0,egyeb,976,148,2.6744854,.40555725
M17/E03,egyutt,1,baloldal,,476,,1.3043598
M17/E03,fidesz,0,fidesz,18339,20264,50.253471,55.528458
M17/E03,jobbik,0,jobbik,8245,7532,22.593374,20.639574
M17/E03,lmp,0,kispart,1321,1008,3.6198723,2.7621737
M17/E03,momentum,1,kispart,,427,,1.1700875
M17/E03,mszp,0,baloldal,7612,4252,20.858795,11.651549
M18/E01,dk,1,baloldal,,3550,,7.7455111
M18/E01,egyeb,0,egyeb,1355,2829,2.9563851,6.1724086
M18/E01,egyutt,1,baloldal,,1251,,2.7294743
M18/E01,fidesz,0,fidesz,20964,21297,45.739967,46.466518
M18/E01,jobbik,0,jobbik,6921,7569,15.100473,16.514301
M18/E01,lmp,0,kispart,3229,2069,7.0451422,4.5142145
M18/E01,momentum,1,kispart,,815,,1.7781948
M18/E01,mszp,0,baloldal,13364,6051,29.15803,13.202278
M18/E02,dk,1,baloldal,,2210,,5.0350862
M18/E02,egyeb,0,egyeb,1168,780,2.6610773,1.7770892
M18/E02,egyutt,1,baloldal,,565,,1.2872505
M18/E02,fidesz,0,fidesz,23334,23326,53.162308,53.144081
M18/E02,jobbik,0,jobbik,8104,8714,18.463501,19.853275
M18/E02,lmp,0,kispart,2027,1656,4.6181536,3.772897
M18/E02,momentum,1,kispart,,378,,.8612048
M18/E02,mszp,0,baloldal,9259,5652,21.094961,12.877062
M18/E03,dk,1,baloldal,,1813,,4.2615705
M18/E03,egyeb,0,egyeb,1093,683,2.5691652,1.6054345
M18/E03,egyutt,1,baloldal,,423,,.99428815
M18/E03,fidesz,0,fidesz,24410,23453,57.377243,55.127754
M18/E03,jobbik,0,jobbik,8519,8976,20.024446,21.098654
M18/E03,lmp,0,kispart,1593,1312,3.7444468,3.0839386
M18/E03,momentum,1,kispart,,262,,.61584747
M18/E03,mszp,0,baloldal,6928,4825,16.2847,11.341466
M19/E01,dk,1,baloldal,,4058,,8.6816998
M19/E01,egyeb,0,egyeb,1563,383,3.3438878,.81939155
M19/E01,egyutt,1,baloldal,,1424,,3.0465107
M19/E01,fidesz,0,fidesz,20860,22671,44.627956,48.502419
M19/E01,jobbik,0,jobbik,8345,8485,17.853323,18.15284
M19/E01,lmp,0,kispart,3141,1786,6.7198663,3.8209748
M19/E01,momentum,1,kispart,,953,,2.0388515
M19/E01,mszp,0,baloldal,12833,6516,27.454966,13.940353
M19/E02,dk,1,baloldal,,3364,,7.3444972
M19/E02,egyeb,0,egyeb,1464,184,3.1962972,.4017204
M19/E02,egyutt,1,baloldal,,1036,,2.2618606
M19/E02,fidesz,0,fidesz,21045,23798,45.946774,51.957294
M19/E02,jobbik,0,jobbik,8570,8563,18.710566,18.695282
M19/E02,lmp,0,kispart,2575,1401,5.6219025,3.0587516
M19/E02,momentum,1,kispart,,755,,1.6483636
M19/E02,mszp,0,baloldal,12149,6209,26.524464,13.555881
M19/E03,dk,1,baloldal,,3253,,7.5501914
M19/E03,egyeb,0,egyeb,1170,182,2.7155623,.4224208
M19/E03,egyutt,1,baloldal,,1021,,2.3697343
M19/E03,fidesz,0,fidesz,19296,21684,44.785889,50.328419
M19/E03,jobbik,0,jobbik,9860,9053,22.884995,21.011953
M19/E03,lmp,0,kispart,1682,999,3.9039109,2.3186724
M19/E03,momentum,1,kispart,,517,,1.1999536
M19/E03,mszp,0,baloldal,11077,5800,25.709644,13.461761
M19/E04,dk,1,baloldal,,2870,,6.5738239
M19/E04,egyeb,0,egyeb,985,169,2.2561729,.38709974
M19/E04,egyutt,1,baloldal,,856,,1.9606944
M19/E04,fidesz,0,fidesz,21883,23700,50.123688,54.285583
M19/E04,jobbik,0,jobbik,10202,8809,23.367996,20.177286
M19/E04,lmp,0,kispart,1448,951,3.3166888,2.1782949
M19/E04,momentum,1,kispart,,457,,1.0467726
M19/E04,mszp,0,baloldal,9140,5200,20.935453,11.910761
M20/E01,dk,1,baloldal,,4026,,7.8098931
M20/E01,egyeb,0,egyeb,1399,776,2.71387,1.5053346
M20/E01,egyutt,1,baloldal,,1452,,2.8166828
M20/E01,fidesz,0,fidesz,23406,24671,45.404461,47.858391
M20/E01,jobbik,0,jobbik,11757,10659,22.806984,20.677013
M20/E01,lmp,0,kispart,2571,1864,4.987391,3.615907
M20/E01,momentum,1,kispart,,889,,1.7245393
M20/E01,mszp,0,baloldal,12417,6521,24.087294,12.649855
M20/E02,dk,1,baloldal,,2905,,6.3910766
M20/E02,egyeb,0,egyeb,1272,362,2.7984335,.79640955
M20/E02,egyutt,1,baloldal,,919,,2.0218244
M20/E02,fidesz,0,fidesz,22287,24019,49.03199,52.842434
M20/E02,jobbik,0,jobbik,10814,9422,23.791086,20.728649
M20/E02,lmp,0,kispart,1901,1194,4.18225,2.6268315
M20/E02,momentum,1,kispart,,511,,1.1242135
M20/E02,mszp,0,baloldal,9180,5402,20.196243,11.884542
M20/E03,dk,1,baloldal,,3556,,7.6806774
M20/E03,egyeb,0,egyeb,1339,1104,2.8921335,2.3845522
M20/E03,egyutt,1,baloldal,,1242,,2.6826212
M20/E03,fidesz,0,fidesz,18368,21442,39.67342,46.313015
M20/E03,jobbik,0,jobbik,12994,10314,28.066008,22.27742
M20/E03,lmp,0,kispart,1815,1368,3.9202557,2.9547713
M20/E03,momentum,1,kispart,,633,,1.3672297
M20/E03,mszp,0,baloldal,11782,5930,25.448183,12.808329
